(당대표당의장)비서실장,,Chief Secretary / Chief-of-Staff (to the Chairperson),,,sources/nas.csv
(상임)고문,,(Standing) Advisor,,,sources/nas.csv
(중앙)사무처,,(Central) Secretariat,,,sources/nas.csv
1등서기관,,First Secretary,,,sources/nas.csv
1회비자,,Single Visa,,,sources/nas.csv
2등서기관,,Second Secretary,,,sources/nas.csv
2회비자,,Double Visa,,,sources/nas.csv
3등서기관,,Third Secretary,,,sources/nas.csv
5분자유발언,,Five-Minute Free Speech,,,sources/nas.csv
AAPP(평화를위한아시아의회연합),,Association of Asian Parliaments for Peace,http://en.wikipedia.org/wiki/Association_of_Asian_Parliaments_for_Peace,http://en.wikipedia.org/wiki/Association_of_Asian_Parliaments_for_Peace,sources/popong.csv
ABU(아시아태평양방송연맹),,Asia-Pacific Broadcasting Union,,,sources/nas.csv
AC,,AIR CANADA(에어 캐나다),,,sources/nas.csv
ADB(아시아개발은행),,Asian Development Bank,,,sources/nas.csv
AF,,AIR FRANCE(에어 프랑스),,,sources/nas.csv
AFPPD(아시아인구개발의원포럼),,Asian Forum of Parliamentarians of Population and Development,,,sources/nas.csv
AIPO(아세안의회기구),,ASEAN Inter-Parliamentary Organization,,,sources/nas.csv
AIPU(아랍의회연맹),,Arab Inter-Parliamentary Union,,,sources/nas.csv
ANOC(세계올림픽연합회),,Association of National Olympic Committees,,,sources/nas.csv
APDC(아시아·태평양개발센타),,Asian Pacific Development Center,,,sources/nas.csv
APEC(아시아태평양경제협력체),,Asia-Pacific Economic Cooperation,,,sources/nas.csv
APMPD(아시아인구개발의원회의),,Asian Parliamentarians' Meeting on Population and Development,,,sources/nas.csv
APPCED(亞太환경개발회의),,Asia-Pacific Parliamentarians Conference of Environment and Development,,,sources/nas.csv
APPF(아시아·태평양의회포럼),,Asia-Pacific Parliamentary Forum,,,sources/nas.csv
APPF(아시아태평양의회포럼),,Asia-Pacific Parliamentary Forum,,,sources/nas.csv
APPU(아시아·태평양국회의원연맹),,Asian-Pacific Parliamentarians' Union,,,sources/nas.csv
APPU(아시아태평양국회의원연맹),,Asian-Pacific Parliamentarians' Union,,,sources/nas.csv
ASEAN(동남아국가연합),,Association of South East Asian Nations,,,sources/nas.csv
ASEM(아시아유럽정상회의),,Asia-Europe Meeting,,,sources/nas.csv
ASEP(아시아유럽의회동반자회의),,Asia-Europe Parliamentary Partnership,,,sources/nas.csv
ASGP(의회사무총장협회),,Association of Secretaries General of Parliaments,,,sources/nas.csv
BIS(국제결제은행),,Bank for International Settlements,,,sources/nas.csv
BWC(생물무기금지협약),,Biological Weapons Convention,,,sources/nas.csv
CCC(관세협력이사회),,Customs Cooperation Council,,,sources/nas.csv
CE(구주평의회구주협의회),,Council of Europe,,,sources/nas.csv
CHR(유엔인권위원회),,Commission on Human Rights,,,sources/nas.csv
CIQ(세관출입국관리및검역),,"Customs, Immigration and?Quarantine",,,sources/nas.csv
CJ,,CHINA NORTHERN AIRLINES(중국북방항공),,,sources/nas.csv
CND(유엔마약위원회),,Commission on Narcotic Drugs,,,sources/nas.csv
CSCM회의,,Inter-ParliamentInter-Parliamentary Conference on Security and Cooperation in the Mediterranean,,,sources/nas.csv
CSIS(국제전략문제연구소),,Center for Strategic & International Studies,,,sources/nas.csv
CSW(유엔여성지위위원회),,Commission on the Status of Women,,,sources/nas.csv
CTBT(포괄적핵실험금지조약),,Comprehensive Nuclear Test Ban？?Treaty,,,sources/nas.csv
CWC(화학무기금지조약),,Chemical Weapons Convention,,,sources/nas.csv
CX,,"CATHAY PACIFIC(케세이 퍼시픽, 홍콩)",,,sources/nas.csv
DL,,"DELTA AIRLINES(델타항공, 미국)",,,sources/nas.csv
EBRD(유럽부흥개발은행),,European Bank for Reconstruction and Development,,,sources/nas.csv
EP(구주의회),,European Parliament,,,sources/nas.csv
ESCAP(아시아태평양경제사회위원회),,Economic and Social Commission for Asia and the Pacific,,,sources/nas.csv
EU(유럽연합),,European Union,,,sources/nas.csv
FAO(유엔식량농업기구),,Food and Agriculture Organization of the United Nation,,,sources/nas.csv
FIFA(국제축구연맹),,Federation of International Football Associations,,,sources/nas.csv
GATT(관세및무역에관한일반협정),,General Agreement on Tariffs？?and Trade,,,sources/nas.csv
GOPAC(반부패국제의원기구회의),,Global Organization of Parliamentarians Against Corruption,,,sources/nas.csv
GTR(정부항공운송의뢰),,Government Transportation Request,,,sources/nas.csv
HY,,UZBEKISTAN AIRWAYS(우즈벡항공),,,sources/nas.csv
IAEA(국제원자력기구),,International Atomic Energy Agency,,,sources/nas.csv
IAF(국제우주항행연맹),,International Astronautical Federation,,,sources/nas.csv
IAU(국제천문연맹),,International Astronomical Union,,,sources/nas.csv
IBA(국제변호사협회),,International Bar Association,,,sources/nas.csv
IBRD(국제부흥개발은행),,?International Bank for Reconstruction and Development,,,sources/nas.csv
ICAO(국제민간항공기구),,International Civil Aviation Organization,,,sources/nas.csv
ICC(국제상공회의소),,International Chamber of Commerce,,,sources/nas.csv
ICJ(유엔국제사법재판소),,International Court of Justice,,,sources/nas.csv
ICRC(국제적십자위원회),,International Committee of the Red Cross,,,sources/nas.csv
ICS(국제저작권협회),,International Copyrights Society,,,sources/nas.csv
ICS(국제해운회의소),,International Chamber of Shipping,,,sources/nas.csv
IDA(국제개발협회),,International Development Association,,,sources/nas.csv
IEA(국제에너지기구),,International Energy Agency,,,sources/nas.csv
IFAD(국제농업개발기금),,International Fund for Agricultural Development,,,sources/nas.csv
IFC(국제금융공사),,International Finance Corporation,,,sources/nas.csv
IHO(국제수로기구),,International Hydrographic Organization,,,sources/nas.csv
ILO(국제노동기구),,International Labour Organization,,,sources/nas.csv
IMF(국제통화기금),,International Monetary Fund,,,sources/nas.csv
IMO(국제해사기구),,International Maritime Organization,,,sources/nas.csv
INTELSAT(국제전기통신위성기구),,International Telecommunication Satellite Organization,,,sources/nas.csv
IOC(국제올림픽위원회),,International Olympic Committee,,,sources/nas.csv
IOM(국제이민기구),,International Organization for Migration,,,sources/nas.csv
IPAAF(국제농림어업의원연맹회의),,"International Parliamentarians' Association for Agriculture, Forestry and Fisheries",,,sources/nas.csv
IPAIT(국제정보통신의원연맹회의),,International Parliamentarians' Association for Information Technology,,,sources/nas.csv
IPSA(국제정치학회),,International Political Science Association,,,sources/nas.csv
IPU(국제의회연맹),,Inter-Parliamentary Union,,,sources/nas.csv
IPU사무차장,,Deputy Secretary General of the Inter-Parliamentary Union,,,sources/nas.csv
IPU사무총장,,Secretary General of the Inter-Parliamentary Union,,,sources/nas.csv
IPU이사회부의장,,Vice-President of the Inter-Parliamentary Council,,,sources/nas.csv
IPU이사회의장,,President of the Inter-Parliamentary Council,,,sources/nas.csv
IPU집행위원,,Member of the IPU Executive Committee,,,sources/nas.csv
IPU총회의장,,President of the Inter-Parliamentary Assembly,,,sources/nas.csv
ITC(국제무역센터),,International Trade Centre,,,sources/nas.csv
ITU(국제전기통신연합),,International Telecommunication Union,,,sources/nas.csv
IUA(국제학술원연합),,International Union of Academies,,,sources/nas.csv
JD,,JAPAN AIR SYSTEM(제팬 에어 시스템),,,sources/nas.csv
JL,,JAPAN AIRLINES(일본항공),,,sources/nas.csv
KATUSA(미육군파견한국군인),,Korean Augmentation Troops to US Army,,,sources/nas.csv
KE,,KOREAN AIR(대한항공),,,sources/nas.csv
KEDO(한반도에너지개발기구),,Korean Peninsula Energy Development Organization,,,sources/nas.csv
KL,,KLM ROYAL DUTCH AIRLINES(네덜란드항공),,,sources/nas.csv
LH,,LUFTHANSA GERMAN AIRLINES(독일항공),,,sources/nas.csv
MAI(다자간투자협정),,Multilateral Agreement on Investment,,,sources/nas.csv
MH,,MALAYSIA AIRLINES(말레이지아항공),,,sources/nas.csv
MIGA(국제투자보증기구),,Multilateral Investment Guarantee Agency,,,sources/nas.csv
MU,,CHINA EASTERN AIRLINES(중국동방항공),,,sources/nas.csv
NAFTA(북미자유무역협정),,North American Free Trade Agreement,,,sources/nas.csv
NATO(북대서양조약기구),,North Atlantic Treaty Organization,,,sources/nas.csv
NH,,ALL NIPPON AIRWAYS(전 일본공수),,,sources/nas.csv
NPT(핵확산금지조약),,Nuclear Non-Proliferation Treaty,,,sources/nas.csv
NW,,"NORTHWEST AIRLINES(노스웨스트, 미국)",,,sources/nas.csv
OAG(정규항공사운행안내서),,Official Airline Guides,,,sources/nas.csv
OECD(경제협력개발기구),,Organization for Economic Cooperation and Development,,,sources/nas.csv
OPEC(석유수출국기구),,Organization of the Petroleum Exporting Countries,,,sources/nas.csv
OSCE(유럽안보협력기구),,Organization for Security and Cooperation in Europe,,,sources/nas.csv
OZ,,ASIANA AIRLINES(아시아나항공),,,sources/nas.csv
PCT(특허협력조약),,Patent Cooperation Treaty,,,sources/nas.csv
PR,,PHILIPPINE AIRLINES(필리핀항공),,,sources/nas.csv
SOFA(한미주둔군지위협정),,Status of Forces Agreement,,,sources/nas.csv
SQ,,SINGAPORE AIRLINES(싱가폴항공),,,sources/nas.csv
SU,,AEROFLOT RUSSIAN INTL(러시아항공),,,sources/nas.csv
TG,,THAI AIRWAYS INTL(타이항공),,,sources/nas.csv
TV토론,,TV Debate,,,sources/nas.csv
UA,,"UNITED AIRLINES(유나이티드항공, 미국)",,,sources/nas.csv
UCC(세계저작권협약),,Universal Copyright Convention,,,sources/nas.csv
UN(국제연합),,United Nations,,,sources/nas.csv
UNESCO(유엔교육과학문화기구),,"UN Educational, Scientific and Cultural Organization",,,sources/nas.csv
UNIDO(유엔공업개발기구),,UN Industrial DevelopmUN Industrial Development Organization,,,sources/nas.csv
UPU(만국우편연합),,Universal Postal Union,,,sources/nas.csv
VN,,VIETNAM AIRLINES(베트남항공),,,sources/nas.csv
VP,,VASP BRAZILIAN AIRLINES(바스피브라질),,,sources/nas.csv
WBG(세계은행),,World Bank Group,,,sources/nas.csv
WHO(세계보건기구),,World Health Organization,,,sources/nas.csv
WIPO(세계지적소유권기구),,World Intellectual Property Organization,,,sources/nas.csv
WMO(세계기상기구),,World Meteorological Organization,,,sources/nas.csv
WTO(세계관광기구),,World Tourism Organization,,,sources/nas.csv
WTO(세계무역기구),,World Trade Organization,,,sources/nas.csv
YMCA(기독청년회의),,Young Men's Christian Association,,,sources/nas.csv
YWCA(기독교여자청년회의),,Young Women's Christian Association,,,sources/nas.csv
가서명,,Initialing,,,sources/nas.csv
가정법원,,Family Court,,,sources/nas.csv
간사,,Ranking Member / Executive Member / Vice Chairman,,,sources/nas.csv
간사장,,Chief Executive Member,,,sources/nas.csv
감사관,,Inspector General,,,sources/nas.csv
감사담당관,,Inspection Officer,,,sources/nas.csv
감사원,,Board of Audit and Inspection,,,sources/nas.csv
감정인,,Expert / Appraiser,,,sources/nas.csv
개의(開議),,Opening of Meeting,,,sources/nas.csv
개인열람실,,Individual Study Room,,,sources/nas.csv
개정,,Amendment / Revision,,,sources/nas.csv
개표,,Vote Tallying / Ballot(Vote) Counting,,,sources/nas.csv
개회,,Opening of Session,,,sources/nas.csv
개회식,,Opening Ceremony,,,sources/nas.csv
거시경제분석팀,,Macro-Economic Analysis Team,,,sources/nas.csv
건설교통부,,Ministry of Construction & Transportation,,,sources/nas.csv
건설교통위원회,,Construction and Transportation Committee,,,sources/nas.csv
건의안,,,,"'건의안'이란 의원이 정부나 그 외의 기관의 권한에 속하는 사항에 대하여 건의할 목적으로 제출하는 의안을 말한다. 건의안이 본회의에서 의결되게 되면 건의내용을 소관하는 정부 또는 그 외의 해당 기관에 송부한다. 건의안의 내용은 반드시 강제성을 가지는 것은 아니나, 건의안을 송부받은 기관은 건의안의 처리결과를 국회에 통보하는 것을 관례로 한다.",sources/likms.csv
검사,,Prosecutor,,,sources/nas.csv
검찰청,,Public Prosecutor's Office,,,sources/nas.csv
결산,,Settlement of Accounts,,,sources/nas.csv
결선투표,,Runoff (primary),,,sources/nas.csv
결의안,,Draft Resolution,,"'결의안'이란 의원이 국회의 의사를 결집하여 외부에 표명하거나 국회운영에 관한 사항을 결정할 목적으로 제출하는 의안을 말한다. 반드시 결의안이라는 명칭을 사용하지 아니하더라도 국회의 결의를 표명하기 위하여 발의된 것이면 결의안으로 분류한다(예：감사청구안, 탄핵소추안, 국회의원윤리강령).
결의안의 내용은 일반적으로 국회운영에 관한 사항과 국회의 의사를 대외적으로 표명하는 사항으로 구분할 수 있는데, 국회의 의사를 대외적으로 표명하는 결의안이 본회의에서 가결되면 결의내용을 관계 기관(예：정부, 국제기구, 대사관 등)에 송부한다.",sources/likms.csv
결정투표,,Casting Vote,,,sources/nas.csv
겸직,,Concurrent Office,,,sources/nas.csv
경력직공무원,,Public Officials in Career Service,,,sources/nas.csv
경위,,Security Guard / Security Officer,,,sources/nas.csv
경위과,,Security Division,,,sources/nas.csv
경제법제과,,Economic Legislation Division,,,sources/nas.csv
경제보좌관,,Advisor to the President for Economic Policy,,,sources/nas.csv
경제분석실,,Economic Analysis Office,,,sources/nas.csv
경제사업평가팀,,Economic Programs Evaluation Team,,,sources/nas.csv
경제예산분석팀,,Economic Budget Analysis Team,,,sources/nas.csv
경제위원회,,Economic Committee,,,sources/nas.csv
경제정책분석팀,,Economic Policy Analysis Team,,,sources/nas.csv
경찰청,,National Police Agency,,,sources/nas.csv
계약직,,Contracted Service,,,sources/nas.csv
고등법원,,High Court(s),,,sources/nas.csv
고등판무관,,High Commissioner,,,sources/nas.csv
고령화및미래사회위원회,,Presidential Committee on Aging and Future Society,,,sources/nas.csv
고서,,Old Books,,,sources/nas.csv
고속도로관리공단(HI-MAN),,Highway Management Corporation,,,sources/nas.csv
고속철도건설공단(KTX),,Korea Train Express,,,sources/nas.csv
고용직,,Labor Service,,,sources/nas.csv
고정표,,Solid Votes / Loyal Votes,,,sources/nas.csv
공개토론,,Public Debate,,,sources/nas.csv
공동발의자,,cosponsor,,,sources/popong.csv
공동성명위원회,,Joint Communique Committee,,,sources/nas.csv
공무원연금관리공단(GEPCO),,Government Employees Pension Corporation,,,sources/nas.csv
공보관,,Chief Spokesperson,,,sources/nas.csv
공보기획관,,Public Information Planning Officer,,,sources/nas.csv
공사,,Minister,,,sources/nas.csv
공사참사관,,?Minister-Counsellor,,,sources/nas.csv
공식방문,,Official Visit,,,sources/nas.csv
공약,,pledge,,,sources/popong.csv
공적자금국정조사특위,,Special Committee on Investigation of State Affairs on Public Funds,,,sources/nas.csv
공정거래위원회,,Fair Trade Commission,,,sources/nas.csv
공천,,Nomination / Public Nomination,,,sources/nas.csv
공청회,,Public Hearing,,,sources/nas.csv
공포,,Promulgation,,,sources/nas.csv
공항이용권(공항세),,Passenger Service Ticket (Charge),,,sources/nas.csv
공항출영송,,Welcome and Farewell at the Airport,,,sources/nas.csv
과거사진상규명에관한특위,,Special Committee on Fact Finding on Past Incidents,,,sources/nas.csv
과장,,Director,,,sources/nas.csv
과테말라(Republic of Guatemala)의회,,Congress of the Republic,,,sources/nas.csv
과학기술부,,Ministry of Science & Technology,,,sources/nas.csv
과학기술정보통신위원회,,"Science, Technology, Information and Telecommunications Committee",,,sources/nas.csv
과학기술정책연구원(STEPI),,Science and Technology Policy Institute,,,sources/nas.csv
관련위원회,,Related Committee,,,sources/nas.csv
관리관(1급),,Grade 1 / Grade-I Official,,,sources/nas.csv
관리국,,Management and Maintenance Bureau,,,sources/nas.csv
관리이사회,,Governing Council,,,sources/nas.csv
관세청,,Korea Customs Service,,,sources/nas.csv
관용여권,,Official Passport,,,sources/nas.csv
광역시,,Metropolitan City,,,sources/nas.csv
광주과학기술원(GIST),,Gwangju Institute of Science & Technology,,,sources/nas.csv
교섭단체,,Negotiation Group,,,sources/nas.csv
교섭단체대표의원,,Floor Leader of Negotiation Group / The Representative Assemblyman of Negotiation Group,,,sources/nas.csv
교섭단체정책연구위원,,Policy Researcher of Negotiation Group,,,sources/nas.csv
교수,,Professor(s),,,sources/nas.csv
교육문화체육관광위원회,,,,http://educulture.na.go.kr,sources/committee.csv
교육위원회,,Education Committee,,,sources/nas.csv
교육인적자원부,,Ministry of Education and Human Resources Development,,,sources/nas.csv
교육혁신위원회,,Presidential Committee on Education Innovation,,,sources/nas.csv
교육훈련과,,Education & Training Division,,,sources/nas.csv
교차투표,,Cross Voting,,,sources/nas.csv
교통개발연구원(KOTI),,Korea Transport Institute,,,sources/nas.csv
교통안전공단(KOTSA),,Korea Transportation Safety Authority,,,sources/nas.csv
교환각서,,Exchange of Notes,,,sources/nas.csv
구,,Gu,,,sources/nas.csv
구두동의,,Verbal / Oral Motion,,,sources/nas.csv
구주의회(The European Parliament : EP) 소속 정치그룹,,유럽국민당그룹 : Group of the European People's Party (Christian Democrats) and European Democrats (PPE-DE),,,sources/nas.csv
구주협의회확대의원총회,,Enlarged Parliamentary Assembly of the Council of Europe,,,sources/nas.csv
구청장(비자치구)읍장면장동장이장,,"Head of Gu,Eup,Myon, Dong,Ri",,,sources/nas.csv
구청장(자치구),,Head of Gu (District),,,sources/nas.csv
구호,,slogan,,,sources/popong.csv
국가과학기술자문회의,,Presidential Advisory Council for Science and Technology,,,sources/nas.csv
국가균형발전위원회,,Presidential Committee on Balanced National Development,,,sources/nas.csv
국가보훈처,,Ministry of Patriots and Veterans Affairs,,,sources/nas.csv
국가안보보좌관,,Senior Advisor to the President for National Security,,,sources/nas.csv
국가안전보장회의,,National Security Council,,,sources/nas.csv
국가인권위원회,,National Human Rights Commission of Korea,,,sources/nas.csv
국가정보원,,National Intelligence Service,,,sources/nas.csv
국립공원관리공단(NPA),,National Parks Authority,,,sources/nas.csv
국립보건원(NIH),,National Institute of Health,,,sources/nas.csv
국립천문대,,National Astronomical Observatory,,,sources/nas.csv
국무위원출석요구,,Request for the Attendance of / Summoning of Cabinet Ministers at the Parliamentary Meeting,,,sources/nas.csv
국무조정실,,Office for Government Policy Coordination,,,sources/nas.csv
국무총리,,Prime Minister,,,sources/nas.csv
국무총리비서실,,Prime Minister's Secretariat,,,sources/nas.csv
국무회의,,Cabinet Meeting / State Council,,,sources/nas.csv
국민건강보험공단(NHIC),,National Health Insurance Corporation,,,sources/nas.csv
국민경제자문회의,,National Economic Advisory Council,,,sources/nas.csv
국민고충처리위원회,,Ombudsman of Korea,,,sources/nas.csv
국민연금관리공단(NPC),,National Pension Corporation,,,sources/nas.csv
국민통합21,,National Alliance 21,,,sources/nas.csv
국민투표,,Referendum,,,sources/nas.csv
국방보좌관,,Advisor to the President for National Defense,,,sources/nas.csv
국방부,,Ministry of National Defense,,,sources/nas.csv
국방위원회,,National Defense Committee,,http://defense.na.go.kr,sources/committee.csv
국사편찬위원회,,National Institute of Korea History,,,sources/nas.csv
국세청,,National Tax Service,,,sources/nas.csv
국장,,Director General (of Bureau),,,sources/nas.csv
국적항공사,,National Carrier,,,sources/nas.csv
국정감사,,Inspection of State Administration,,,sources/nas.csv
국정감사및조사에관한법률,,Act Relating to the Inspection and？？ Investigation of State Administration,,,sources/nas.csv
국정교과서주식회사,,National Textbook Co. Ltd.,,,sources/nas.csv
국정기록비서관,,Secretary to the President for Records and Documents,,,sources/nas.csv
국정상황팀,,Information and Policy Monitoring Team,,,sources/nas.csv
국정조사,,Investigation of State Administration,,,sources/nas.csv
국정홍보처,,Government Information Agency,,,sources/nas.csv
국제국,,Inter-Parliamentary Affairs Bureau,,,sources/nas.csv
국제기구과,,Inter-Parliamentary Organizations Division,,,sources/nas.csv
국제기구및통일자료실,,International Organization & Unification？aterials Reading Room,,,sources/nas.csv
국제인도법준수위원회,,Committee to Promote Respect for International Humanitarian Law,,,sources/nas.csv
국제협력과,,Inter-Parliamentary Relations Division,,,sources/nas.csv
국제협력단(KOICA),,Korea International Cooperation Agency,,,sources/nas.csv
국제회의참석(IPU),,"To participate in the IPU Conference in Washington D.C. from April 14 to 17, 2004",,,sources/nas.csv
국토교통위원회,,,,http://ltc.na.go.kr,sources/committee.csv
국토연구원(KRIHS),,Korea Research Institute for Human Settlements,,,sources/nas.csv
국회,,National Assembly,,,sources/nas.csv
국회개혁특위,,Special Committee on the National Assembly Reform,,,sources/nas.csv
국회경비대,,National Assembly Security Guards,,,sources/nas.csv
국회공무원교육,,Training for National Assembly Staff,,,sources/nas.csv
국회기록보존소,,National Assembly Archive,,,sources/nas.csv
국회도서관,,National Assembly Library,http://www.nanet.go.kr/english/,http://www.nanet.go.kr/,sources/popong.csv
국회도서관법,,National Assembly Library Act,,,sources/nas.csv
국회법,,National Assembly Act,,,sources/nas.csv
국회부의장,,Vice Speaker,,,sources/nas.csv
국회사무처,,National Assembly Secretariat,http://nas.na.go.kr/ (Korean only),http://nas.na.go.kr/,sources/popong.csv
국회사무처법,,National Assembly Secretariat Act,,,sources/nas.csv
국회스카우트의원연맹,,The Korea Scout Parliamentary Association,,,sources/nas.csv
국회에서의증언감정등에관한법률,,"Act Relating to Testimony,？?Appraisal, etc. Before the National Assembly",,,sources/nas.csv
국회예산정책처,,National Assembly Budget Office,http://korea.nabo.go.kr/,http://www.nabo.go.kr/,sources/popong.csv
국회예산정책처법,,National Assembly Budget Office Act,,,sources/nas.csv
국회운영위원회,,House Steering Committee,,http://steering.na.go.kr,sources/committee.csv
국회의사당,,National Assembly Building,,,sources/nas.csv
국회의원,,legislator,,,sources/popong.csv
국회의원당선인,,National Assembly Member-elect / Assemblyman(woman)-elect / Lawmaker-elect / Legislator-elect,,,sources/nas.csv
국회의원선거,,National Assembly Election,,,sources/popong.csv
국회의원연구단체,,Members' Study Group,,,sources/nas.csv
국회의원외교활동운영협의회,,Annual Meeting for Parliamentary Diplomacy,,,sources/nas.csv
국회의원인권위원회,,Committee of the Human Rights of Parliamentarians,,,sources/nas.csv
국회의원입법연구활동지원,,Support for the Legislative Research Activities of National Assembly Members,,,sources/nas.csv
국회의장,,Speaker (of the National Assembly),,,sources/nas.csv
국회입법조사처,,National Assembly Research Service,,,sources/popong.csv
군,,Gun (County),,,sources/nas.csv
군사법원,,Military Court,,,sources/nas.csv
군수,,Head of Gun (County),,,sources/nas.csv
권력분립,,Separation of Powers,,,sources/nas.csv
궐원통지,,Notification of Vacancy,,,sources/nas.csv
귀빈실,,VIP Lounge / VIP Suites?(VIP?Very Important Person),,,sources/nas.csv
규약,,Covenant,,,sources/nas.csv
규정,,Provision(s),,,sources/nas.csv
규칙안,,,,"'규칙안'이란 국회의 의사와 내부규율에 관한 규범 즉, 규칙을 제정하거나 개정·폐지하기 위하여 제출하는 의안을 말하며(국166①), 국회운영위원회의 심사를 거쳐 본회의의 의결로 확정된다. 국회규칙은 행정입법인 법규명령과는 달리 「국회법」의 시행령은 아니며 그 자주적 성격을 인정받고 있다.",sources/likms.csv
그리스(Greece / Hellenic Republic)의회,,Parliament,,,sources/nas.csv
근로농민당(LFP),,Labor Farmers' Party,,,sources/nas.csv
근로복지공단(KLWC),,Korea Labor Welfare Corporation,,,sources/nas.csv
금권선거,,Bankrolled Election / Moneyed Election,,,sources/nas.csv
금융감독원(FSS),,Financial Supervisory Service,,,sources/nas.csv
금융감독위원회,,Financial Supervisory Commission,,,sources/nas.csv
기권,,Abstention,,,sources/nas.csv
기금운용계획안,,,,"'기금운용계획안'이란 정부가 일정한 기간 즉, 한 회계연도에 있어 특정 목적을 위하여 특정 자금을 운용할 필요가 있을 때 법률에 따라 설치·운용되는 수입과 지출의 운용규모를 계상한 기금을 편성하여 국회의 심의·확정을 받기 위하여 제출하는 의안을 말한다.
정부는 매년 다음 연도의 기금운용계획안을 수립하여 다음 회계연도 개시 90일 전까지 국회에 제출하며, 기금운용계획 중 주요항목지출금액의 10분의 2(금융성기금은 10분의 3)를 초과하여 변경하고자 하는 경우에는 '기금운용계획변경안'을 수립하여 국회에 제출하여야 한다(국재70).",sources/likms.csv
기내물품판매,,In-flight Duty Free Sales,,,sources/nas.csv
기내반입휴대물,,Carry-on Items,,,sources/nas.csv
기내식,,In-flight Meals,,,sources/nas.csv
기능직,,Technical Skill Service,,,sources/nas.csv
기록심의관,,Records Counsel,,,sources/nas.csv
기명(무기명)투표,,Open (Secret) Ballot,,,sources/nas.csv
기명무기명전자호명투표,,"Open,Secret,Electronic,Roll-call Vote",,,sources/nas.csv
기상청,,Meteorological Administration,,,sources/nas.csv
기술신용보증기금(KOTEC),,Korea Technology Credit Guarantee Fund,,,sources/nas.csv
기업은행(IBK),,Industrial Bank of Korea,,,sources/nas.csv
기장,,Pilot,,,sources/nas.csv
기초과학지원연구원(KBSI),,Korea Basic Science Institute,,,sources/nas.csv
기획감사담당관,,"Planning, Budget & Audit Officer",,,sources/nas.csv
기획관리관,,Deputy Director of NABO for Planning & Management,,,sources/nas.csv
기획예산담당관,,Planning & Budget Officer,,,sources/nas.csv
기획예산처,,Ministry of Planning and Budget,,,sources/nas.csv
기획재정부,,Ministry of Strategy and Finance,http://english.mosf.go.kr/,http://www.mosf.go.kr/,sources/popong.csv
기획재정위원회,,,,http://finance.na.go.kr,sources/committee.csv
기획조정실,,Planning and Coordination Office,,,sources/nas.csv
기획편성담당관,,Broadcasting Programming Officer,,,sources/nas.csv
기획협력팀,,Planning & Cooperation Team,,,sources/nas.csv
기후변화협약대책특위,,Special Committee on Climate Change,,,sources/nas.csv
긴급명령,,Emergency Orders,,,sources/nas.csv
긴급재정경제명령,,Emergency Financial and Economic Orders,,,sources/nas.csv
긴급현안질문,,Questions on Emergency Matters,,,sources/nas.csv
김포세관,,Gimpo Customs,,,sources/nas.csv
김포출입국관리사무소,,Gimpo Immigration Office,,,sources/nas.csv
남녀동반자그룹,,Gender Partnership Group,,,sources/nas.csv
남북관계발전지원특위,,Special Committee on Improving Inter-Korean Relations,,,sources/nas.csv
남승무원,,Steward,,,sources/nas.csv
남아프리카 의회 관련 용어,,남아프리카공화국(Republic of South Africa)의회 : Parliament,,,sources/nas.csv
네델란드 의회 관련 용어,,네덜란드(Kingdom of the Netherlands)의회 : States General,,,sources/nas.csv
노동부,,Ministry of Labor,,,sources/nas.csv
노르웨이(Kingdom of Norway)의회,,Parliament,,,sources/nas.csv
노사정위원회,,Korea Tripartite Commission,,,sources/nas.csv
노인표,,Senior Citizens' Votes,,,sources/nas.csv
노조표,,Labor Votes,,,sources/nas.csv
농림부,,Ministry of Agriculture & Forestry,,,sources/nas.csv
농림축산식품해양수산위원회,,,,http://agri.na.go.kr,sources/committee.csv
농림해양수산위원회,,"Agriculture, Forestry, Maritime Affairs and Fisheries Committee",,,sources/nas.csv
농수산물유통공사(AFMC),,Agricultural & Fishery Marketing Corporation,,,sources/nas.csv
농어업농어촌특별대책위원회,,"Presidential Commission on？?Agriculture, Fishery and Rural Policies",,,sources/nas.csv
농업기반공사,,Korea Agricultural & Rural Infrastructure Corporation,,,sources/nas.csv
농촌경제연구원(KREI),,Korea Rural Economic Institute,,,sources/nas.csv
농촌진흥청,,Rural Development Administration,,,sources/nas.csv
농촌표,,Rural Votes,,,sources/nas.csv
농협중앙회(NACF),,National Agricultural Cooperative Federation,,,sources/nas.csv
뉴질랜드(New Zealand)의회,,House of Representatives / Parliament,,,sources/nas.csv
다수결원칙,,Majority Rule,,,sources/nas.csv
다수당,,Majority Party,,,sources/nas.csv
단독판사,,Single Judge Court,,,sources/nas.csv
단수여권,,Single Passport,,,sources/nas.csv
단원제,,Unicameral Legislature / One-house System,,,sources/nas.csv
단행본,,Monograph / Monographic Publication,,,sources/nas.csv
담당(계장),,Assistant Director / Deputy Director,,,sources/nas.csv
당무위원,,Executive Member,,,sources/nas.csv
당선자,,official,,,sources/popong.csv
당수/리더(외국사례),,Leader / Chief / Executive Chairman,,,sources/nas.csv
당원,,Party Member / Member of the Party,,,sources/nas.csv
당직,,Party Post,,,sources/nas.csv
당직개편,,Party Personnel Reshuffle,,,sources/nas.csv
당직자,,Party Officials,,,sources/nas.csv
대리대사,,Charg?d'Affaires ad hoc or en pied,,,sources/nas.csv
대리투표,,Proxy Voting,,,sources/nas.csv
대법관,,Justice(s) of the Supreme Court,,,sources/nas.csv
대법원,,The Supreme Court of Korea,,,sources/nas.csv
대법원장,,Chief Justice of the Supreme Court,,,sources/nas.csv
대변인,,Presidential Spokesperson,,,sources/nas.csv
대변인팀,,Presidential Spokesperson's Team,,,sources/nas.csv
대사,,Ambassador,,,sources/nas.csv
대사관,,Embassy,,,sources/nas.csv
대사관주최만찬,,Dinner Hosted by?Embassy,,,sources/nas.csv
대사대리,,Charg?d'Affaires ad interim,,,sources/nas.csv
대선거구,,Large Constituency / Multi-member District,,,sources/nas.csv
대안,,Amendment in the Nature of Substitute,,원안과 일반적으로 취지는 같으나 그 내용을 전면적으로 수정하거나 체계를 전연 다르게 하여 원안에 대신할 만한 내용으로 제출하는 것으로서 수정안의 성격을 띤다. 위원회제출 대안과 의원발의대안으로 나눌 수 있다.,sources/likms.csv
대외경제정책연구원(KIEP),,Korea Institute for International Economic Policy,,,sources/nas.csv
대정부질문,,Government Interpellation,,,sources/nas.csv
대체(大體)토론,,General Debate,,,sources/nas.csv
대출대,,Circulation Counter / Circulation Desk,,,sources/nas.csv
대통령,,president,,,sources/popong.csv
대통령경호실,,Presidential Security Service,,,sources/nas.csv
대통령당선자,,President-elect,,,sources/nas.csv
대통령령,,Presidential Decrees (시행령? Enforcement Ordinance),,,sources/nas.csv
대통령비서실,,Office of the President,,,sources/nas.csv
대통령비서실장,,Chief-of-Staff to the President,,,sources/nas.csv
대통령선거,,Presidential Election,,,sources/nas.csv
대표단(사절단),,Delegation,,,sources/nas.csv
대표단장,,Head / Chief / Leader of Delegation,,,sources/nas.csv
대한결핵협회(KNTA),,Korean National Tuberculosis Association,,,sources/nas.csv
대한광업진흥공사(KORES),,Korea Resources Corporation,,,sources/nas.csv
대한무역투자진흥공사(KOTRA),,Korea Trade-Investment Promotion Agency,,,sources/nas.csv
대한민국 국회,,National Assembly of the Republic of Korea,http://korea.assembly.go.kr/,http://www.assembly.go.kr/,sources/popong.csv
대한민국국회,,The National Assembly of the Republic of Korea,,,sources/nas.csv
대한민국국회보좌관회,,Association of Secretaries to Members of the National Assembly of the Republic of Korea,,,sources/nas.csv
대한민국재향군인회(KVA),,Korean Veterans Association,,,sources/nas.csv
대한민국제헌국회의원동지회,,The Republic of Korea Constituent Assembly Members' League,,,sources/nas.csv
대한민국제헌국회의원유족회,,Association of Families of the Constituent Assembly Members,,,sources/nas.csv
대한민국헌정회,,Parliamentarians' Society of the Republic of Korea,,,sources/nas.csv
대한법률구조공단(KLAC),,Korea Legal Aid Corporation,,,sources/nas.csv
대한상공회의소(KCCI),,Korea Chamber of Commerce and Industry,,,sources/nas.csv
대한석탄공사(KOCOAL),,Korea Coal Corporation,,,sources/nas.csv
대한송유관공사(주)(DOPCO),,Daihan Oil Pipeline Corporation,,,sources/nas.csv
대한올림픽위원회(KOC),,Korean Olympic Committee,,,sources/nas.csv
대한적십자사(KNRC),,Korean National Red Cross Society,,,sources/nas.csv
대한주택공사(KNHC),,Korea National Housing Corporation,,,sources/nas.csv
대한지적공사,,Korea Cadastral Survey Corporation,,,sources/nas.csv
대한체육회(KSC),,Korea Sports Council,,,sources/nas.csv
덴마크(Kingdom of Denmark)의회,,Parliament,,,sources/nas.csv
도,,Province,,,sources/nas.csv
도로교통안전관리공단(RTSA),,Road Traffic Safety Authority,,,sources/nas.csv
도미니카공화국 의회 관련 용어,,도미니카(Commonwealth of Dominica)의회 : House of Assembly,,,sources/nas.csv
도서관장,,The Librarian of the National Assembly,,,sources/nas.csv
도심공항터미널,,City Air Terminal,,,sources/nas.csv
도지사,,Governor,,,sources/nas.csv
도착예정시간,,ETA (Estimated Time of Arrival),,,sources/nas.csv
독도자료실,,Dokdo Island Materials Reading Room,,,sources/nas.csv
독일 의회 관련 용어,,연방하원 : Bundestag (Federal Assembly),,,sources/nas.csv
독일 정당명,,사회민주당(SPD) : Social Democratic Party,,,sources/nas.csv
동북아시대추진위원회,,Presidential Committee on Northeast Asian Hub,,,sources/nas.csv
동의(動議),,Motion,,,sources/nas.csv
동의안,,,,"'동의안'이란 일반적으로 정부가 국정을 운영함에 있어서 일정한 행위를 하기에 앞서 사전에 국회의 동의를 얻기 위하여 제출하는 의안을 말하며, 이는 정부를 견제하고 국회의 국정통제를 보장하기 위한 것으로 정부에 대한 국회의 사전 관여라는 점에서 의미가 있다.
국회는 국채모집, 예산 외에 국가의 부담이 될 계약체결(헌58), 상호원조 또는 안전보장에 관한 조약, 중요한 국제조직에 관한 조약, 우호통상항해조약, 주권의 제약에 관한 조약, 강화조약, 국가나 국문에게 중대한 재정적 부담을 지우는 조약 또는 입법사항에 관한 조약의 체결·비준(헌60①), 선전포고, 국군의 외국에의 파견 또는 외국군대의 대한민국 영역 안에서의 주류(헌60②) 등에 대한 동의권 및 국무총리임명동의 등 인사에 관한 동의권을 가지고 있다.
동의안에는 이외에도 국회 안에서 의장단, 위원장 및 의원이 일정한 행위를 하기 위하여 본회의의 동의를 얻기 위한 행위 즉, 허가를 받기 위하여 제출하는 의안(예：의장·부의장·위원장사임, 의원 사직 등)도 포함된다.
동의안은 원칙적으로 안건의 성질상 가·부만을 결정할 수 있을 뿐 이를 수정하여 의결할 수는 없으나, 회의운영의 효율성 제고와 행정의 번거로움을 피하기 위하여 제출자인 정부의 동의를 조건으로 수정한 예가 있다.",sources/likms.csv
동의안(同意案),,Bill of Consent / Motion,,,sources/nas.csv
동정표,,Sympathy Votes,,,sources/nas.csv
등록,,registration,,,sources/popong.csv
러시아 의회 관련 용어,,연방하원 : State Duma,,,sources/nas.csv
러시아 정당명,,공산당(KPRF) : Communist Party of Russian Federation,,,sources/nas.csv
루마니아 의회 관련 용어,,루마니아(Romania)의회 : Parliament,,,sources/nas.csv
마이크로자료실,,Microform Materials Reading Room,,,sources/nas.csv
말레이시아 의회 관련 용어,,말레이시아(Malaysia)의회 : Parliament,,,sources/nas.csv
매표(매수),,Vote Buying,,,sources/nas.csv
멀티미디어실,,Multimedia Center,,,sources/nas.csv
멕시코 의회 관련 용어,,멕시코(Mexico / United Mexican States)의회 : National Congress,,,sources/nas.csv
면담주선,,Arrange a Meeting with,,,sources/nas.csv
면세점,,Duty-free Shop,,,sources/nas.csv
면책특권,,Parliamentary Immunities / Parliamentary Non-accountability (Privilege of Exemption from Liability for One's Speech in the National Assembly),,,sources/nas.csv
명패함,,Name-Plate Box,,,sources/nas.csv
모로코 의회 관련 용어,,모로코(Kingdom of Morocco)의회 : Parliament,,,sources/nas.csv
모의국회,,Mock National Assembly,,,sources/nas.csv
모의회의,,Mock Conference,,,sources/nas.csv
목,,Item,,,sources/nas.csv
목록홀,,Catalog Hall,,,sources/nas.csv
몽골(Mongolia)의회,,State Great Hural,,,sources/nas.csv
무소속,,independent,,,sources/popong.csv
무소속의원,,Independent Member / Non-affiliated Member,,,sources/nas.csv
무효,,Invalidity,,,sources/nas.csv
무효투표,,Spoiled Vote / Invalid Vote,,,sources/nas.csv
문헌정보,,Documentary Information,,,sources/nas.csv
문화관광부,,Ministry of Culture & Tourism,,,sources/nas.csv
문화관광위원회,,Culture and Tourism Committee,,,sources/nas.csv
문화재청,,Cultural Properties Administration,,,sources/nas.csv
미국 상원 정당명,,"다수당(공화당 : Republican Party, GOP)",,,sources/nas.csv
미국 의회 관련 용어,,의회 : Congress,,,sources/nas.csv
미국 하원 정당명,,다수당(공화당 : Republican Party),,,sources/nas.csv
미국연방의회의 위원회 - 상원(Senate),,"농업위원회 : Agriculture, Nutrition and Forestry Committee",,,sources/nas.csv
미국연방의회의 위원회 - 하 원 (House of Representatives),,농업위원회 : Committee on Agriculture,,,sources/nas.csv
미래전략특위,,Special Committee on Future Strategy,,,sources/nas.csv
미래창조과학방송통신위원회,,,,http://future.na.go.kr,sources/committee.csv
민권당(CRP),,Civil Rights Party,,,sources/nas.csv
민사부,,Civil Panels,,,sources/nas.csv
민원제안비서관,,Ombudsman Secretary to the President?,,,sources/nas.csv
민정수석,,Senior Secretary to the President for Civil Affairs,,,sources/nas.csv
민주공화당(DRP),,Democratic Republican Party,,,sources/nas.csv
민주국민당(DPP),,Democratic People's Party,,,sources/nas.csv
민주노동당,,Democratic Labor Party,,,sources/nas.csv
민주당(DP),,Democratic Party,,,sources/nas.csv
민주자유당(DLP),,Democratic Liberal party,,,sources/nas.csv
민주정의당(DJP),,Democratic Justice Party,,,sources/nas.csv
민주평화통일자문회의,,Advisory Council on Democratic and Peaceful Unification,,,sources/nas.csv
민주한국당(DKP),,Democratic Korea Party,,,sources/nas.csv
민중민주당(PDP),,People's Democratic Party,,,sources/nas.csv
발의,,,,의원이 의안을 낼 때,sources/likms.csv
발의(제안),,Proposition / Suggestion / Introduction of Bills,,,sources/nas.csv
발의자,,sponsor,,,sources/popong.csv
방글라데시(People's Republic of Bangladesh)의회,,National Parliament,,,sources/nas.csv
방문(미국의회),,"To visit the U.S. Congress in Washington D.C. from May 1 to 10, 2004",,,sources/nas.csv
방송기술담당관,,Broadcasting Technology Officer,,,sources/nas.csv
방송기획관,,Broadcasting Planning Counsel,,,sources/nas.csv
방송위원회,,Korea Broadcasting Commission,,,sources/nas.csv
방송위원회(KBC),,Korean Broadcasting Commission,,,sources/nas.csv
방송제작담당관,,Broadcasting Production Officer,,,sources/nas.csv
방청,,Observation,,,sources/nas.csv
방청권,,Ticket for the Audience Gallery,,,sources/nas.csv
번안,,Reversal Bill,,,sources/nas.csv
번안동의,,Motion for Reversal,,,sources/nas.csv
법률안,,Legislative Bill,,"'법률안'이란 법률을 제정·개정·폐지하기 위하여 발의 또는 제출되는 의안을 말한다. 헌법 제52조는 '국회의원과 정부는 법률안을 제출할 수 있다'라고 하여 정부에게도 법률안 제출권을 부여함으로써 정부의 입법과정참여를 제도적으로 보장하고 있다.
의원이 발의하는 법률안은 발의자를 포함하여 의원 10인 이상의 찬성이 있어야 한다(국79①). 발의 시 발의의원과 찬성의원을 구분하되, 해당 법률안에 대하여 그 제명의 부제로 발의의원의 성명을 기재한다. 다만, 발의의원이 2인 이상인 경우에는 대표발의의원 1인을 명시하여야 한다(국79③).
정부가 제출하는 법률안은 국무회의의 심의를 거쳐 대통령이 서명하고 국무총리와 관계 국무위원이 부서한다(헌82·89).",sources/likms.csv
법무부,,Ministry of Justice,,,sources/nas.csv
법안비용추계팀,,Cost Estimates Team,,,sources/nas.csv
법원공무원교육원,,Training Institute for Court Clerks,,,sources/nas.csv
법원도서관,,Supreme Court Library,,,sources/nas.csv
법원행정처,,Ministry of Court Administration,,,sources/nas.csv
법제관,,Legislative Counseling Officer,,,sources/nas.csv
법제사법위원회,,Legislation and Judiciary Committee,,http://legislation.na.go.kr,sources/committee.csv
법제실,,Legislative Counseling Office,,,sources/nas.csv
법제심의관,,Legislative Counsel,,,sources/nas.csv
법제처,,Ministry of Legislation,,,sources/nas.csv
베네수엘라(Bolivarian Republic of Venezuela)의회,,National Assembly,,,sources/nas.csv
베트남(Socialist Republic of Vietnam)의회,,National Assembly,,,sources/nas.csv
벨기에 의회 관련 용어,,벨기에(Kingdom of Belgium)의회 : Parliament,,,sources/nas.csv
별정직,,Excepted Service / Extraordinary Civil Service,,,sources/nas.csv
병무청,,Military Manpower Administration,,,sources/nas.csv
보건복지부,,Ministry of Health & Welfare,,,sources/nas.csv
보건복지위원회,,Health and Welfare Committee,,http://health.na.go.kr,sources/committee.csv
보궐선거,,by-election,,,sources/popong.csv
보안검색,,Security Check,,,sources/nas.csv
보좌관,,Chief of Staff / Chief Secretary / Administrative Assistant / Senior Secretary (Assistant / Counselor / Advisor),,,sources/nas.csv
보충발언,,Supplementary Speech / Follow-up Speech,,,sources/nas.csv
보충질의,,Supplementary Questions / Follow-up Questions,,,sources/nas.csv
보통선거,,Popular Vote / Universal Vote,,,sources/nas.csv
보훈특위,,Special Committee on Veterans Affairs,,,sources/nas.csv
복수비자,,Multiple Visa,,,sources/nas.csv
복수여권,,Multiple Passport,,,sources/nas.csv
본회의,,Plenary Session / The Plenary,,,sources/nas.csv
본회의보고,,Report to the Plenary Session,,,sources/nas.csv
본회의장,,The Plenary Chamber / The Main Chamber,,,sources/nas.csv
부결,,Rejection,,의결정족수에 미달하는 의결의 형태이다.,sources/likms.csv
부군수,,Deputy Head of Gun (County),,,sources/nas.csv
부기장,,Co-pilot,,,sources/nas.csv
부동표,,Floating Votes / Shifting Votes / Swing Votes,,,sources/nas.csv
부령,,Ministerial Ordinances,,,sources/nas.csv
부시장,,Deputy Head of City / Vice Mayor,,,sources/nas.csv
부시장(특별시광역시),,Vice Mayor,,,sources/nas.csv
부영사,,Vice Consul,,,sources/nas.csv
부이사관(3급),,Grade 3 / Grade-III Official,,,sources/nas.csv
부임(주재관),,"To assume the post of Legislative Attach?at the Embassy of the Republic of Korea in Washington D.C. from March 1, 2001 to February 28, 2003",,,sources/nas.csv
부장,,Director General (of Department),,,sources/nas.csv
부재자표,,Absentee Votes,,,sources/nas.csv
부정선거,,Vote Rigging,,,sources/nas.csv
부지사,,Vice Governor,,,sources/nas.csv
부총영사,,Deputy Consul-General,,,sources/nas.csv
부칙,,Addendum(Addenda),,,sources/nas.csv
부패방지위원회,,Korea Independent Commission Against Corruption (KICAC),,,sources/nas.csv
부회장,,Vice President,,,sources/nas.csv
분류,,Classification,,,sources/nas.csv
불가리아(Republic of Bulgaria)의회,,National Assembly,,,sources/nas.csv
불민당(BDP),,Buddhist Democratic Party,,,sources/nas.csv
불체포특권,,Privilege of Exemption from Apprehension / Parliamentary Immunity Against Arrest (Apprehension),,,sources/nas.csv
브라질 의회 관련 용어,,브라질(Federative Republic of Brazil)의회 : National Congress,,,sources/nas.csv
비교섭단체,,Non-Negotiation Group,,,sources/nas.csv
비례대표,,Proportional Representation,,,sources/nas.csv
비례대표제,,Proportional Representation System,,,sources/nas.csv
비밀선거,,Secret Vote / Secret Ballot,,,sources/nas.csv
비상계획관,,Emergency Planning Counsel,,,sources/nas.csv
비상계획담당관,,Emergency Planning Officer,,,sources/nas.csv
비상기획위원회,,Emergency Planning Commission,,,sources/nas.csv
비서,,Assistant / Secretary / Aide,,,sources/nas.csv
비서관,,Executive Secretary (Assistant),,,sources/nas.csv
비자치구,,Non-Autonomous District,,,sources/nas.csv
비준,,Ratification,,,sources/nas.csv
비즈니스(C),,Business Class / Prestige Class,,,sources/nas.csv
빈부격차차별시정위원회,,Presidential Committee on Redressing Wealth Gap and Discrimination,,,sources/nas.csv
사무관(5급),,Grade 5 / Grade-V Official,,,sources/nas.csv
사무대리,,Charg?des Affaires,,,sources/nas.csv
사무차장,,Deputy Secretary-General for Administrative Affairs,,,sources/nas.csv
사무처,,Department of Court Administration,,,sources/nas.csv
사무총장,,Secretary General,,,sources/nas.csv
사무총장사무처장,,Secretary General,,,sources/nas.csv
사법부,,Judicial Branch / The Judiciary,,,sources/nas.csv
사법연수원,,Judicial Research and Training Institute,,,sources/nas.csv
사서,,Librarian,,,sources/nas.csv
사업평가국,,Programs Evaluation Bureau,,,sources/nas.csv
사이프러스사태해결그룹,,Group of Facilitators for Cyprus,,,sources/nas.csv
사전선거운동,,Premature Campaigning / Campaign before Election Period,,,sources/nas.csv
사직(사임),,Resignation,,,sources/nas.csv
사회문화위원회,,Social and Cultural Committee,,,sources/nas.csv
사회법제과,,Social Legislation Division,,,sources/nas.csv
사회예산분석팀,,Social Budget Analysis Team,,,sources/nas.csv
사회정책수석,,Senior Secretary to the President for Social Policy,,,sources/nas.csv
사회행정사업평가팀,,Social & Administrative Programs Evaluation Team,,,sources/nas.csv
산림조합중앙회(NFCF),,National Forestry Cooperatives Federation,,,sources/nas.csv
산림청,,Forest Service,,,sources/nas.csv
산업법제과,,Industrial Legislation Division,,,sources/nas.csv
산업사업평가팀,,Industrial Programs Evaluation Team,,,sources/nas.csv
산업연구원(KIET),,Korea Institute for Industrial Economics & TrKorea Institute for Industrial Economics & Trade,,,sources/nas.csv
산업예산분석팀,,Industrial Budget Analysis Team,,,sources/nas.csv
산업인력관리공단(HRDKorea),,Human Resources Development Service of Korea,,,sources/nas.csv
산업자원부,,"Ministry of Commerce, Industry and Energy",,,sources/nas.csv
산업자원위원회,,"Commerce, Industry and Energy Committee",,,sources/nas.csv
산업통상자원위원회,,,,http://industry.na.go.kr,sources/committee.csv
산회,,Adjournment,,,sources/nas.csv
상설특위,,Permanent Special Committees,,,sources/nas.csv
상임운영위,,Standing Steering Committee,,,sources/nas.csv
상임위원,,Standing Committee Member,,,sources/nas.csv
상임위원장,,Chairman of the Standing Committee,,,sources/nas.csv
상임위원회,常任委員會,standing committee,,,sources/popong.csv
상임이사국,,Permanent Member (PM),,,sources/nas.csv
상정,,Presentation / Putting Bill on the Agenda,,,sources/nas.csv
새정치국민회의(NCNP),,National Congress for New Politics,,,sources/nas.csv
새천년민주당(MDP),,Millennium Democratic Party,,,sources/nas.csv
색인,,Index,,,sources/nas.csv
색인과,,Indexing Division,,,sources/nas.csv
서고,,Stacks,,,sources/nas.csv
서기(8급),,Grade 8 / Grade-VIII Official,,,sources/nas.csv
서기관(4급),,Grade 4 / Grade-IV Official,,,sources/nas.csv
서기보(9급),,Grade 9 / Grade-IX Official,,,sources/nas.csv
서면동의,,Written Motion / Motion in Writing,,,sources/nas.csv
서면질문,,Written Questions,,,sources/nas.csv
서명,,Signature,,,sources/nas.csv
서울지방항공청,,Seoul Regional Aviation Administration,,,sources/nas.csv
석박사학위석박사학위논문실,,Doctoral & Master's Theses Reading Room,,,sources/nas.csv
선거,,election,,,sources/popong.csv
선거구,,Electoral District / Constituency,,,sources/nas.csv
선거구민,,Constituent / Electorate,,,sources/nas.csv
선거방해,,Campaign Obstruction,,,sources/nas.csv
선거법위반,,Election Law Violation / Violation of the Election Law,,,sources/nas.csv
선거연령,,Voting Age,,,sources/nas.csv
선거연설,,Campaign Speech,,,sources/nas.csv
선거운동,,Election Campaign,,,sources/nas.csv
선거운동원(사무원),,Campaign Worker / Campaign Volunteer / Campaigner,,,sources/nas.csv
선거인명부,,Voters' List / Poll Book,,,sources/nas.csv
선거자금,,Campaign Fund / Campaign Money,,,sources/nas.csv
선거전략,,Campaign Strategy,,,sources/nas.csv
선거참모,,Campaign Strategist,,,sources/nas.csv
선거통계시스템,,,http://info.nec.go.kr/ (Korean only),http://info.nec.go.kr/,sources/popong.csv
선출안,,,,"'선출안'이란 헌법 및 법률에 따라 구성되는 국가기관의 구성원을 국회에서 선출하기 위하여 의장이 각 교섭단체대표의원과 협의하여 제안하는 의안을 말한다(국46의3①, 인청).
헌법재판소는 법관의 자격을 가진 9인의 재판관으로 구성하되, 3인은 국회에서 선출하는 자를 대통령이 임명하고(헌111②③), 중앙선거관리위원회는 위원 9인 중 3인을 국회에서 선출되는 자로 구성한다(헌114②).
구체적으로 헌법에 따라 국회에서 선출하는 헌법재판소 재판관3인 및 중앙선거 관리 위원회 위원 3인과 법률에 따라 국회에서 선출·추천하는 국가인권위원회 위원 4인, 방송통신위원회 위원 3인, 국민권익위원회 위원 3인, 개인정보 보호위원회 위원5인 및 주식백지신탁 심사위원회 위원 3인을 선출 또는 추천하기 위하여 제안하는 의안을 선출안 또는 추천안이라고 한다.
국회가 이들 기관의 구성에 참여하는 것은 대통령의 조직구성 권한을 견제하는 한편, 해당 기관에 민주적 정당성을 부여하는 기능을 한다.",sources/likms.csv
설비과,,Maintenance Division,,,sources/nas.csv
세계법률정보망,,Global Legal Information Network,http://www.nanet.go.kr/glin/ (Korean only),http://www.nanet.go.kr/glin/,sources/popong.csv
세계식량계획,,World Food Programme (WFP),,,sources/nas.csv
세관검사,,Customs Inspection,,,sources/nas.csv
세관원,,Customs Inspector,,,sources/nas.csv
세네갈(Republic of Senegal)의회,,National Assembly,,,sources/nas.csv
세입세제분석팀,,Revenue & Tax Analysis Team,,,sources/nas.csv
소방방재청,,National Emergency Management Agency,,,sources/nas.csv
소비자보호원(KCPB),,Korea Consumer Protection Board,,,sources/nas.csv
소선거구,,Small Constituency / Single Member District,,,sources/nas.csv
소수당,,Minority party,,,sources/nas.csv
속기1과,,Stenography Division I,,,sources/nas.csv
속기2과,,Stenography Division II,,,sources/nas.csv
속기사,,Stenographer,,,sources/nas.csv
수서과,,Acquisition & Exchange Division,,,sources/nas.csv
수서정리국,,Acquisition & Processing Bureau,,,sources/nas.csv
수석전문위원,,Senior Staff Director / Chief Counsel,,,sources/nas.csv
수속대,,Check-in Counter,,,sources/nas.csv
수정동의,,Motion for Amendment,,,sources/nas.csv
수정안,,Amendment Bill,,"의안의 원안에 대하여 다른 의사를 가하여 추가·삭제·변경 등을 행하는 것을 수정이라 하며, 그 수정내용에 일정한 형식을 갖추어 발의하는 것을 수정안이라 한다. 수정안은 위원회 수정안과 본회의 수정안으로 구분되며, 그 내용은 원안의 목적 또는 성격을 변경하지 아니하는 범위 안에서 작성되어야 한다.",sources/likms.csv
수하물,,Luggage / Baggage,,,sources/nas.csv
수하물찾는곳,,Baggage Claim,,,sources/nas.csv
수행원,,Accompanying Staff / Delegation Staff (Member of Suite / Delegation Secretary / Member of Entourage),,,sources/nas.csv
수협중앙회(NFFC),,National Federation of Fisheries Cooperatives,,,sources/nas.csv
스리랑카(Democratic Socialist Republic of Sri Lanka)의회,,Parliament,,,sources/nas.csv
스웨덴(Kingdom of Sweden)의회,,Parliament,,,sources/nas.csv
스위스 의회 관련 용어,,스위스(Switzerland / Swiss Confederation)의회 : Federal Assembly,,,sources/nas.csv
스페인 의회 관련 용어,,스페인(Kingdom of Spain)의회 : General Courts / National Assembly,,,sources/nas.csv
슬로바키아(Slovakia / Slovak Republic)의회,,National Council of the Slovak Republic,,,sources/nas.csv
승무원,,Crew,,,sources/nas.csv
승인,,Approval,,,sources/nas.csv
승인안,,,,"'승인안'이란 일반적으로 정부가 이미 처리한 업무에 대하여 사후에 추인을 받기 위하여 제출하는 의안을 말한다. 이외에도 국회 안에서 의장이나 위원회가 본회의의 승인을 얻기 위하여 제출하는 의안(예：국회사무총장 임면승인안, 국정조사계획서 승인의 건)도 포함된다.
승인안은 원칙적으로 안건의 성질상 가·부만을 결정할 수 있을 뿐 이를 수정하여 의결할 수는 없다.",sources/likms.csv
시,,City,,,sources/nas.csv
시(도)지부장,,Chairman of the Regional Party Chapter,,,sources/nas.csv
시·군법원,,Municipal Court(s),,,sources/nas.csv
시군법원판사,,Municipal Judge,,,sources/nas.csv
시민사회수석,,Senior Secretary to the President for Civil Society,,,sources/nas.csv
시설관리과,,Management & Construction Division,,,sources/nas.csv
시설심의관,,Maintenance Counsel,,,sources/nas.csv
시장,,mayor,,,sources/popong.csv
시장(특별시광역시),,Mayor,,,sources/nas.csv
시정연설,,State-of-the-Nation Address / Presidential Address Before the Regular Session of the National Assembly,,,sources/nas.csv
시행규칙,,Enforcement Regulations,,,sources/nas.csv
식품의약품안전청,,Food and Drug Administration,,,sources/nas.csv
신문열람실,,Newspaper Reading Room,,,sources/nas.csv
신민주공화당(NDRP),,New Democratic Republican Party,,,sources/nas.csv
신상발언,,Speech on Personal Matters,,,sources/nas.csv
신용보증기금(KCGF),,Korea Credit Guarantee Fund,,,sources/nas.csv
신정사회당(NSP),,New Socialist Party of Korea,,,sources/nas.csv
신한국당(NKP),,New Korea Party,,,sources/nas.csv
신한민주당(NKDP),,New Korea Democratic Party,,,sources/nas.csv
신행정수도건설추진위원회,,Presidential Committee on Administrative Capital Relocation,,,sources/nas.csv
실무회의,,Working Groups,,,sources/nas.csv
실장,,Deputy Minister,,,sources/nas.csv
심사,,Examination / Deliberation / Consideration,,,sources/nas.csv
심사보고,,Deliberation Report,,,sources/nas.csv
심의관(2-3급),,Director General (of Bureau),,,sources/nas.csv
심의관(3급),,Deputy Director-General (of Bureau),,,sources/nas.csv
싱가포르(Republic of Singapore)의회,,Parliament,,,sources/nas.csv
아르헨티나 의회 관련 용어,,아르헨티나(Argentina / Argentine Republic)의회 : National Congress,,,sources/nas.csv
아시아유럽재단청년의원회의,,Asia-Europe Foundation (ASEF) Young Parliamentarians Meeting (YPM),,,sources/nas.csv
아시아태평양문화센타,,Asian-Pacific Cultural Center (APCC),,,sources/nas.csv
아일랜드 의회 관련 용어,,아일랜드(Ireland)의회 : Parliament,,,sources/nas.csv
아태민주지도자회의,,Forum of Democratic Leaders in the Asia-Pacific,,,sources/nas.csv
안건,,Agenda Item,,국회에서 논의대상이 되는 모든 사안을 말하며 의안과 그 밖의 사안을 포함한다.,sources/likms.csv
안전행정위원회,,,,http://adminhom.na.go.kr,sources/committee.csv
알제리 의회 관련 용어,,알제리(People's Democratic Republic of Algeria)의회 : Parliament,,,sources/nas.csv
야당,,Opposition Party,,,sources/nas.csv
양원제,,Bicameral Legislature / Two-house System,,,sources/nas.csv
양해각서(MOU),,Memorandum of Understanding,,,sources/nas.csv
양해록(ROU),,Record of Understanding?,,,sources/nas.csv
언론중재위원회(PAC),,Press Arbitration Commission,,,sources/nas.csv
업무조정비서관,,Secretary to the President for Coordination,,,sources/nas.csv
에너지관리공단(KEMCO),,Korea Energy Management Corporation,,,sources/nas.csv
에콰도르(Republic of Ecuador)의회,,National Congress,,,sources/nas.csv
여객시간표,,Passenger Timetable,,,sources/nas.csv
여당,,Ruling Party / Government Party,,,sources/nas.csv
여성가족위원회,,,,http://women.na.go.kr,sources/committee.csv
여성개발원(KWDI),,Korean Women's Development Institute,,,sources/nas.csv
여성부,,Ministry of Gender Equality,,,sources/nas.csv
여성위원회,,Women's Affairs Committee,,,sources/nas.csv
여성의원회의,,Meeting of Women Parliamentarians,,,sources/nas.csv
여성의원회의조정위원회,,Coordinating Committee of the Meeting of Women MPs,,,sources/nas.csv
여성표,,Women's Votes,,,sources/nas.csv
여소야대,,Opposition-dominated National Assembly / Divided Government / Small Ruling Party-Big Opposition Party?,,,sources/nas.csv
여승무원,,Stewardess,,,sources/nas.csv
여정,,Itinerary,,,sources/nas.csv
여행자휴대품신고서(세관신고서),,Customs Declaration,,,sources/nas.csv
연구개발정보센터(KORDIC),,Korea Research & Development Information Center,,,sources/nas.csv
연맹사무국,,The Secretariat,,,sources/nas.csv
연석회의,,Joint Meeting,,,sources/nas.csv
연설팀,,Presidential Speech Team,,,sources/nas.csv
연속간행물과,,Serials Division,,,sources/nas.csv
연수(미국의회),,"To receive training at the U.S. Congress in Washington D.C. from March 1 to July 31, 2004",,,sources/nas.csv
연수국,,Training Affairs Bureau,,,sources/nas.csv
연차총회,,Annual Meeting,,,sources/nas.csv
열람봉사과,,Circulation Division,,,sources/nas.csv
열람실,,Reading Room,,,sources/nas.csv
열람증,,Reader's Ticket,,,sources/nas.csv
열린우리당,,Uri Party,,,sources/nas.csv
영국 의회 관련 용어,,의회 : Parliament,,,sources/nas.csv
영국 정당명,,노동당(LP) : Labour Party,,,sources/nas.csv
영등포지구당위원장,,Chairman of the Yeoungdeungpo District？ Party Chapter,,,sources/nas.csv
영사,,Consul,,,sources/nas.csv
영사관,,Consulate,,,sources/nas.csv
영상회의록시스템,,VOD service for conferences,http://w3.assembly.go.kr/ (Korean only),http://w3.assembly.go.kr/,sources/popong.csv
예금보험공사,,Korea Deposit Insurance Corporation,,,sources/nas.csv
예방,,Courtesy Call,,,sources/nas.csv
예비선거,,Preliminary Election / Primary Election / Primaries,,,sources/nas.csv
예비심사,,Preliminary Examination,,,sources/nas.csv
예비후보자,,preliminary candidate,,,sources/popong.csv
예산결산특별위원회,,Special Committee on Budget and Accounts,,http://budget.na.go.kr,sources/popong.csv
예산분석실,,Budget Analysis Office,,,sources/nas.csv
예산분석심의관,,Budget Analysis Counsel,,,sources/nas.csv
예산안,,Budget Estimates / Budget Bill,,"'예산안'이란 정부가 일정한 기간 즉, 한 회계연도에 있어서의 국가활동에 수반되는 수입과 지출의 예정적 계획인 예산을 편성하여 국회의 심의·확정을 받기 위하여 제출하는 의안을 말한다. 예산안은 상임위원회 예비심사, 예산결산특별위원회종합심사 및 본회의 의결로써 확정된다.
'본예산'은 법률상 용어는 아니나 일반적으로 예산이라 할 때에는 이를 말하며 '추가경정예산'에 대한 대응개념으로 사용된다.
'추가경정예산안'(국재89)은 정부가 예산이 확정된 후에 발생한 전쟁이나 대규모 자연재해, 대·내외 여건의 중대한 변화 등으로 인하여 이미 확정된 예산에 변경을 가할 필요가 있을 때 제출하는 예산안을 의미하며, 이미 확정된 예산에 변경을 가하기 위하여 제출한다는 점에서 정부가 예산안 제출 후 국회의 심의·확정 전에 부득이한 사유로 그 내용의 일부를 수정하기 위하여 제출하는 '수정예산안'(국재35)과는 다르다.",sources/likms.csv
예산정책처장,,Director of NABO,,,sources/nas.csv
예약,,Reservation (예약재확인,,,sources/nas.csv
오스트리아 의회 관련 용어,,오스트리아(Republic of Austria)의회 : Federal Assembly,,,sources/nas.csv
외교관여권,,Diplomatic Passport,,,sources/nas.csv
외교단,,Diplomatic Corps,,,sources/nas.csv
외교단장,,Dean of the Diplomatic Corps,,,sources/nas.csv
외교보좌관,,Advisor to the President for Foreign Affairs,,,sources/nas.csv
외교통상부,,Ministry of Foreign Affairs and Trade,,,sources/nas.csv
외교통일위원회,,,,http://uft.na.go.kr,sources/committee.csv
외국항공사,,Foreign Carrier,,,sources/nas.csv
요르단 의회 관련 용어,,요르단(Hashemite Kingdom of Jordan)의회 : National Assembly,,,sources/nas.csv
우루과이 의회 관련 용어,,우루과이(Oriental Republic of Uruguay)의회 : General Assembly,,,sources/nas.csv
우즈베키스탄(Republic of Uzbekistan)의회,,Supreme Assembly,,,sources/nas.csv
우크라이나(Ukraine)의회,,Supreme Council,,,sources/nas.csv
운영위원회,,Steering Committee,,,sources/nas.csv
울산시지부장,,Chairman of the Ulsan Metropolitan City Regional？ Party Chapter,,,sources/nas.csv
원내대표,,Floor Leader,,,sources/nas.csv
원내부대표,,Deputy Floor Leader,,,sources/nas.csv
원내수석부대표,,Senior Deputy Floor Leader,,,sources/nas.csv
원자력병원(KCCH),,Korea Cancer Center Hospital,,,sources/nas.csv
위원,,Member,,,sources/nas.csv
위원장,,"Chair / Chairperson / Chairman , Chairwoman",,,sources/nas.csv
위원회,,committee,,,sources/popong.csv
위원회시찰단,,Parliamentary Committee Delegation,,,sources/nas.csv
위원회안,,Committee Bill (Bill Proposed by Committee),,위원회가 그 소관에 속하는 사항에 관하여 독자적으로 입안한 안으로서 원안의 존재를 전제로 하여 그 심의과정에서 원안을 폐기하고 그 대신으로 제출하는 대안과는 달리 원안의 존재를 전제로 하지 아니한다.,sources/likms.csv
위원회직원,,Committee Staff,,,sources/nas.csv
위원회폐기의안,,Bill Abrogated by Committee,,,sources/nas.csv
위원회회의,,Committee Meeting,,,sources/nas.csv
위임입법,,Delegated Legislation (행정입법? Administrative Legislation),,,sources/nas.csv
유권자,,Voter / Elector,,,sources/nas.csv
유럽안보협력기구의회회의,,OSCE Parliamentary Assembly,,,sources/nas.csv
유엔개발계획,,UN Development Programme (UNDP),,,sources/nas.csv
유엔경제사회이사회,,UN Economic and Social Council (ECOSOC),,,sources/nas.csv
유엔난민고등판무관실,,Office of the UN High Commissioner for Refugees (UNHCR),,,sources/nas.csv
유엔마약통제계획,,UN International Drug Control Programme (UNDCP),,,sources/nas.csv
유엔무역개발회의,,UN Conference on Trade and Development (UNCTAD),,,sources/nas.csv
유엔본부,,UN Headquarters,,,sources/nas.csv
유엔사무국,,UN Secretariat,,,sources/nas.csv
유엔사무총장,,UN Secretary General,,,sources/nas.csv
유엔신탁통치이사회,,UN Trusteeship Council,,,sources/nas.csv
유엔아동기금,,UN Children's Fund(UNICEF),,,sources/nas.csv
유엔안전보장이사회,,UN Security Council (UNSC),,,sources/nas.csv
유엔인간정착프로그램,,UN Human Settlements Programme (UN-HABITAT),,,sources/nas.csv
유엔인구활동기금,,UN Population Fund (UNFPA),,,sources/nas.csv
유엔인권고등판무관실,,Office of the United Nations High Commissioner for Human Rights (OHCHR),,,sources/nas.csv
유엔총회,,UN General Assembly (UNGA),,,sources/nas.csv
유엔총회의장,,President of the UN General Assembly,,,sources/nas.csv
유엔팔레스타인난민구호사업기구,,United Nations Relief and Works Agency for Palestine Refugees in the Near East (UNRWA),,,sources/nas.csv
유엔헌장,,UN Charter,,,sources/nas.csv
유엔환경계획,,UN Environment Programme (UNEP),,,sources/nas.csv
유학(오리건대학에서경제학전공),,"To study Economics at the University of Oregon from September 1, 2004 to May 28, 2006",,,sources/nas.csv
윤리심사,,Ethics Review / Examination on Ethics,,,sources/nas.csv
윤리특별위원회,,Special Committee on Ethics,,http://moral.na.go.kr,sources/committee.csv
읍면동리,,"Eup,Myon,Dong,Ri (Sub-district / Village)",,,sources/nas.csv
의결,,Resolution / Decision,,"합의체의 전체의사를 결정하기 위한 사실상의 의사형성행위로서 그 결과는 가결·부결·동의(同意)·승인(承認)·채택(採擇) 등으로 나타나며, 가결(可決)의 개념으로 사용되는 경우가 많다.",sources/likms.csv
의결정족수,,Quorum for Voting,,,sources/nas.csv
의문사진상규명위원회,,Presidential Truth Commission on Suspicious Deaths,,,sources/nas.csv
의사,,Proceedings,,,sources/nas.csv
의사과,,Proceedings Division,,,sources/nas.csv
의사국,,Proceedings Bureau,,,sources/nas.csv
의사일정,,Order of Business / Agenda,,,sources/nas.csv
의사일정미료안건,,Uncompleted Bills on the Agenda / Unfinished Business,,,sources/nas.csv
의사일정변경,,Amendment to / Change of the (Draft) Agenda,,,sources/nas.csv
의사일정작성,,Preparation / Establishment of the Order of Business / Parliamentary Agenda,,,sources/nas.csv
의사정족수,,Quorum for Proceedings,,,sources/nas.csv
의사진행발언,,Point-of-Order,,,sources/nas.csv
의사진행방해,,Filibuster / Obstruction,,,sources/nas.csv
의석배정,,Arrangement of Seats,,,sources/nas.csv
의안,,Bills / Proposals,,"헌법, 「국회법」, 그 밖의 법률에 따라 국회의 의결을 필요로 하는 안건 중 특별한 형식적 요건을 갖추어 국회에 제출된 것을 말한다.",sources/likms.csv
의안 원문,,text of legislation,,,sources/popong.csv
의안과,,Bills Division,,,sources/nas.csv
의원방문외교,,Overseas Visit for Parliamentary Diplomacy,,,sources/nas.csv
의원보좌직원교육,,Training for Members' Staff,,,sources/nas.csv
의원연구단체,,Members' Study Group,,,sources/nas.csv
의원열람실,,Members' Reading Room,,,sources/nas.csv
의원외교협의회(4개협의회),,Inter-Parliamentary Councils,,,sources/nas.csv
의원자격심사,,,,"국회는 의원의 자격을 심사할 수 있고(헌64②), 의원이 다른 의원의 자격에 대하여 이의가 있을 때에는 30인 이상의 연서로 자격심사를 의장에게 청구할 수 있다(국138). 의원의 자격이란 의원이 의원으로서의 지위를 보유하는데 필요한 자격을 말하며, 자격심사란 국회의 자율권에 의하여 의원의 자격유무에 문제가 있을 때 국회 스스로 이를 심사하여 결정하는 것을 말한다. 현행법상 의원의 자격요건은 ① 적법한 당선인일 것, ② 겸직이 금지된 직에 취임하거나 「국회법」제29조제2항에 따라 임기개시일 이후에 해직된 직의 권한을 행사하지 아니할 것, ③ 법률에 규정된 피선거권을 계속 보유할 것 등이다. 따라서 의원에게 당선무효 사유가 있거나, 임기개시 후 퇴직사유가 있는 경우에는 자격심사의 대상이 된다.
의원자격심사는 자격에 대한 쟁송의 심리이기 때문에 윤리특별위원회는 반드시 의원으로부터 자격심사청구서가 제출되어 의장이 그것을 회부한 때에 한하여 심사권을 행사할 수 있으며, 윤리특별위원회가 전 의원에 대하여 자격유무를 조사하여 국회에 보고할 수는 없다.",sources/likms.csv
의원징계,,,,'의원징계'란 국가의 형벌권에 의한 처벌이나 정부가 공무원에게 과하는 일반적인 징계와는 달리 원내질서를 문란하게 하거나 국회의 위신과 품위를 손상시키는 일정한 행위에 대하여 의회자율권인 징계권을 행사하여 의회구성원인 의원에게 제재를 가할 목적으로 제출하는 것을 말한다(국155～164). 국회의원의 징계에 대하여는 헌법이 사법적 심사를 배제하고 있으므로(헌64④) 권리구제의 대상이 되지 아니한다.,sources/likms.csv
의원초청외교,,Invitation of Foreign Parliamentary Delegation /?Parliamentary Diplomacy by Invitation,,,sources/nas.csv
의원총회,,Party Caucus,,,sources/nas.csv
의원친선협회,,Parliamentarians' Friendship Associations,,,sources/nas.csv
의원회관,,Members' Office Building,,,sources/nas.csv
의장,,Chairman,,,sources/nas.csv
의장공관,,Official Residence of the Speaker,,,sources/nas.csv
의장비서실,,Office of Secretaries to the Speaker,,,sources/nas.csv
의장비서실장,,Chief of Staff / Chief Secretary to the Speaker,,,sources/nas.csv
의장실,,Office of the Speaker,,,sources/nas.csv
의장직무대행,,Acting Speaker,,,sources/nas.csv
의전과,,Protocol Division,,,sources/nas.csv
의전관,,Protocol Officer,,,sources/nas.csv
의전비서관,,Secretary to the Speaker for Protocol & Diplomatic Affairs,,,sources/nas.csv
의전실,,Protocol Office,,,sources/nas.csv
의정서,,Protocol,,,sources/nas.csv
의정연수과,,Parliamentary Training Division,,,sources/nas.csv
의제,,,,의결 여부와 관계없이 당일 회의에서 논의의 대상이 된 안건의 제목을 말한다.,sources/likms.csv
의향서(LOI),,Letter of Intent,,,sources/nas.csv
의회민주주의,,Parliamentary Democracy,,,sources/nas.csv
의회법령자료과,,Parliamentary & Legal Documents Division,,,sources/nas.csv
의회법령자료실,,Parliamentary & Legal Documents Reading Room,,,sources/nas.csv
의회법제과,,Parliamentary Legislation Division,,,sources/nas.csv
의회사무총장협회(ASGP),,Association of Secretaries General of Parliaments,,,sources/nas.csv
의회제도시찰(정계시찰차),,"To observe the American legislative system in Washington D.C. from May 1 to 15, 2004 (또는 To observe the American political system)",,,sources/nas.csv
이란(Islamic Republic of Iran)의회,,Islamic Consultative Assembly,,,sources/nas.csv
이륙,,Take Off,,,sources/nas.csv
이사,,Executive Member,,,sources/nas.csv
이사관(2급),,Grade 2 / Grade-II Official,,,sources/nas.csv
이사회,,Council,,,sources/nas.csv
이사회의장,,Chairman of the Council,,,sources/nas.csv
이스라엘(State of Israel)의회,,Knesset / Parliament,,,sources/nas.csv
이집트 의회 관련 용어,,이집트 상원 : Advisory Council,,,sources/nas.csv
이탈리아 의회 관련 용어,,이탈리아(Italy / Italian Republic)의회 : Parliament,,,sources/nas.csv
인도 의회 관련 용어,,인도(Republic of India)의회 : Parliament,,,sources/nas.csv
인도네시아(Republic of Indonesia)의회,,House of Representatives,,,sources/nas.csv
인물,,person,,,sources/popong.csv
인사수석,,Senior Secretary to the President for Personnel Affairs,,,sources/nas.csv
인사청문특별위원회,,Special Committee on Appointment Hearing,,,sources/nas.csv
인천공항세관,,Incheon International Airport Customs,,,sources/nas.csv
인천공항출입국관리사무소,,Incheon International Airport Immigration Office,,,sources/nas.csv
인천국제공항공사(IIAC),,Incheon International Airport Corporation,,,sources/nas.csv
일등석(F),,F - First Class (KAL의 경우 Morning Calm Class (P석)도 일등석임),,,sources/nas.csv
일반계약직,,General Contracted Service,,,sources/nas.csv
일반석(Y),,Economy Class,,,sources/nas.csv
일반여권,,Passport,,,sources/nas.csv
일반직,,General Service,,,sources/nas.csv
일본 의회 관련 용어,,의회 : National Diet (Kokkai),,,sources/nas.csv
일본 정당명,,자유민주당(LDP) : Liberal Democratic Party,,,sources/nas.csv
임대형 민자사업,,,,"'임대형 민자사업(BTL) 한도액안'이란 정부가 다음 연도에 실시할 임대형 민자사업(BTL)의 총한도액, 대상시설별 한도액 및 사업추진 과정에서의 예측할 수 없는 지출에 충당하기 위한 예비한도액에 대하여 국회의 의결을 받기 위하여 제출하는 의안을 말한다. 정부는 회계연도 개시 90일 전까지 국회에 제출하고, 국회는 회계연도 개시 30일 전까지 의결하여야 한다. 이 경우 합계액의 100분의 20 이내의 금액으로 책정하여야 한다(사회기반시설에 대한 민간투자법 7의2①②).
또한, 임대형 민자사업(BTL)의 총한도액을 변경하고자 하는 경우에도 미리 국회의 의결을 받아야한다(사회기반시설에 대한 민간투자법 7의3①).",sources/likms.csv
임명동의,,Confirmation / Appointment Consent,,,sources/nas.csv
임시의장,,Speaker pro tempore,,,sources/nas.csv
임시회,,Extraordinary Session,,,sources/nas.csv
입국비자,,Entry Visa,,,sources/nas.csv
입국수속,,Arrival Procedure,,,sources/nas.csv
입국신고서,,Arrival Card,,,sources/nas.csv
입법,,Legislation / Lawmaking,,,sources/nas.csv
입법과정(입법절차),,Legislative Process / Legislative Procedure,,,sources/nas.csv
입법권,,Legislative Power,,,sources/nas.csv
입법부,,Legislative Branch / The Legislature,,,sources/nas.csv
입법심의관,,Senior Staff Member (Legislative Counsel),,,sources/nas.csv
입법예고,,Preliminary Announcement on Legislation,,,sources/nas.csv
입법자료수집차,,"To collect legislative information on the U.S.Congress in Washington D.C. from May 1 to 25, 2004",,,sources/nas.csv
입법전자정보실,,Legislative Information & Digital Library Management Office,,,sources/nas.csv
입법정보심의관,,Legislative Information Counselor,,,sources/nas.csv
입법정보지원,,Legislative Information Support,,,sources/nas.csv
입법정보화담당관,,Legislative Information Systems Officer,,,sources/nas.csv
입법조사1과,,Legislative Research Division 1,,,sources/nas.csv
입법조사2과,,Legislative Research Division 2,,,sources/nas.csv
입법조사3과,,Legislative Research Division 3,,,sources/nas.csv
입법조사관,,Staff Member / Legislative Researcher,,,sources/nas.csv
입법차장,,Deputy Secretary-General for Legislative Affairs,,,sources/nas.csv
입후보,,Candidacy / Candidature,,,sources/nas.csv
입후보기탁금,,Candidacy Deposit,,,sources/nas.csv
입후보자,,Candidate,,,sources/nas.csv
자격심사,,Examination on Credentials / Qualification,,,sources/nas.csv
자동보도,,Moving Side Walk,,,sources/nas.csv
자유당(LP),,Liberal Party,,,sources/nas.csv
자유민족당(FNP),,Free Nationalist Party,,,sources/nas.csv
자유민주연합(ULD),,United Liberal Democrats,,,sources/nas.csv
자치구,,Autonomous District,,,sources/nas.csv
장,,Chapter,,,sources/nas.csv
장관처장,,Minister,,,sources/nas.csv
장애인특위,,Special Committee on Disability,,,sources/nas.csv
재선거,,Re-election,,,sources/nas.csv
재외동포재단,,Overseas Koreans Foundation,,,sources/nas.csv
재외선거,,overseas voting,,,sources/popong.csv
재의요구,,Request for Reconsideration,,,sources/nas.csv
재적의원,,Assemblymen on the Register,,,sources/nas.csv
재정경제부,,Ministry of Finance & Economy,,,sources/nas.csv
재정경제위원회,,Finance and Economy Committee,,,sources/nas.csv
재정정책분석팀,,Fiscal Policy Analysis Team,,,sources/nas.csv
재정제도개혁특위,,Special Committee on Fiscal Reform,,,sources/nas.csv
재직,,Incumbency,,,sources/nas.csv
재판관,,Justice(s),,,sources/nas.csv
재판소장,,President of the Constitutional Court,,,sources/nas.csv
재해대책특위,,Special Committee on Disaster Prevention and Management,,,sources/nas.csv
전국경제인연합회(FKI),,Federation of Korean Industries,,,sources/nas.csv
전국구,,Nation-wide Proportional Seats,,,sources/nas.csv
전국동시지방선거,,Nationwide Local Election,,,sources/popong.csv
전국민주노동조합총연맹(KCTU),,Korean Confederation of Trade Unions,,,sources/nas.csv
전권공사,,Minister Plenipotentiary,,,sources/nas.csv
전당대회,,National Convention / Party Convention,,,sources/nas.csv
전문,,Preamble,,,sources/nas.csv
전문(電文),,Telegraphic Message,,,sources/nas.csv
전문계약직,,Specialized Contracted Service,,,sources/nas.csv
전문위원,,Staff Director (Counsel),,,sources/nas.csv
전문위원검토보고,,Report of the Committee Staff Director,,,sources/nas.csv
전원위원회,,Committee of the Whole,,,sources/nas.csv
전자도서관,,Digital Library,,,sources/nas.csv
전자정보운영과,,Information Technology Division,,,sources/nas.csv
전자정보총괄과,,Digital Library Administration Division,,,sources/nas.csv
절,,Section,,,sources/nas.csv
접수,,Acceptance,,,sources/nas.csv
정간열람실,,Periodicals Reading Room,,,sources/nas.csv
정기간행물,,Periodicals,,,sources/nas.csv
정기회,,Regular Session,,,sources/nas.csv
정당,,party,,,sources/popong.csv
정례회의,,Regular Meeting,,,sources/nas.csv
정리과,,Classification & Cataloging Division,,,sources/nas.csv
정무위원회,,National Policy Committee,,http://policy.na.go.kr,sources/committee.csv
정무직,,Political Service,,,sources/nas.csv
정무팀,,National Policy Team,,,sources/nas.csv
정보검색,,Information Retrieval,,,sources/nas.csv
정보과학기술보좌관,,"Advisor to the President for Information,？?SAdvisor to the President for Information,？?Science and Technology",,,sources/nas.csv
정보위원회,,Intelligence Committee,,http://intelligence.na.go.kr,sources/committee.csv
정보자료팀,,Information Services Team,,,sources/nas.csv
정보통신부,,Ministry of Information & Communication,,,sources/nas.csv
정보통신정책연구원(KISDI),,Korea Information Strategy Development？ Institute,,,sources/nas.csv
정부이송,,Transfer to the Government,,,sources/nas.csv
정부혁신지방분권위원회,,Presidential Committee on Government Innovation & Decentralization,,,sources/nas.csv
정책기획수석,,Senior Secretary to the President for Policy Planning,,,sources/nas.csv
정책기획위원회,,Task Force for Policy Planning,,,sources/nas.csv
정책보좌관/정책특보,,Policy Assistant (Secretary / Advisor) / Special Secretary (Assistant / Advisor) for Policy?,,,sources/nas.csv
정책실장,,Chief Secretary to the President for National Policy,,,sources/nas.csv
정책위의장,,Chairman of the Policy Committee,,,sources/nas.csv
정책조정위원회부위원장,,Vice Chairman of the Policy Planning？ and Coordination Committee,,,sources/nas.csv
정치개혁특위,,Special Committee on Political Reform,,,sources/nas.csv
정치위원회,,Political Committee,,,sources/nas.csv
정회,,Suspension,,,sources/nas.csv
제1부속실장,,Personal Secretary for the President,,,sources/nas.csv
제2부속실장,,Personal Secretary for the First Lady,,,sources/nas.csv
제도개선비서관,,Secretary to the President for Policy Process Reengineering,,,sources/nas.csv
제명,,Expulsion,,,sources/nas.csv
제안,,,,위원회가 의안을 낼 때,sources/likms.csv
제의,,,,의장이 의안을 낼 때,sources/likms.csv
제정,,Establishment / Enactment,,,sources/nas.csv
제출,,,,정부가 의안을 낼 때,sources/likms.csv
제헌국회,,Constituent Assembly,,,sources/nas.csv
조,,Article,,,sources/nas.csv
조달청,,Public Procurement Service,,,sources/nas.csv
조약,,Treaty,,,sources/nas.csv
조직표,,Organized Votes,,,sources/nas.csv
종로지역구의원,,Member of the National Assembly for Chongno?Electoral District,,,sources/nas.csv
주사(6급),,Grade 6 / Grade-VI Official,,,sources/nas.csv
주사보(7급),,Grade 7 / Grade-VII Official,,,sources/nas.csv
주재관행정관,,Attach,,,sources/nas.csv
중간선거,,Mid-term Election / Off-year Election / Interim Election,,,sources/nas.csv
중국(People's Republic of China)의회,,National People's Congress,,,sources/nas.csv
중국국제항공(CA),,AIR CHINA,,,sources/nas.csv
중동문제위원회,,Committee on Middle East Questions,,,sources/nas.csv
중선거구,,Medium Constituency,,,sources/nas.csv
중소기업청,,Small & Medium Business Administration,,,sources/nas.csv
중소기업특별위원회,,Presidential Commission on Small and Medium Enterprises,,,sources/nas.csv
중소기업협동조합중앙회(KFSB),,Korea Federation of Small and？ Medium Business,,,sources/nas.csv
중앙사무국,,Central Secretariat,,,sources/nas.csv
중앙사무총장,,"Secretary-General, APPU Central Secretariat",,,sources/nas.csv
중앙상무위상임중앙위,,Central Standing Committee,,,sources/nas.csv
중앙선거관리위원회,,National Election Commission,http://www.nec.go.kr/engvote/main/main.jsp,http://www.nec.go.kr/,sources/popong.csv
중앙위원회,,Central Committee,,,sources/nas.csv
중앙인사위원회,,Civil Service Commission,,,sources/nas.csv
중요동의,,,,"'중요동의'란 회의운영 및 회기 등과 관련하여 의원이 일정한 형식을 갖추고 일정 수 이상 의원의 찬성을 받아 서면으로 제출하거나 의장이 제의하는 동의를 말하며, 의안으로 처리하고 있다.
중요동의는 동의의 중요성에 비중을 둔 것으로 국회의 관행에 따른 편의상의 구분이며, 성질은 일반동의와 같다.
일반적으로 휴회의 건, 회기연장의 건, 의사일정 변경동의 등을 말하며 주로 의사일정의 변경 없이 바로 처리되는 우선동의가 이에 해당된다. 다만, 수정동의나 번안동의와 같이 원안에 종속된 동의는 중요동의로 분류하지 아니한다.
일반적으로 동의 발의는 서면 또는 구두로 할 수 있으나 중요동의는 그 내용을 명확히 하기 위하여 형식을 갖추어 서면으로 하여야 할 것이다.
중요동의는 의안의 내용에 따른 분류가 아니므로 그 내용에 제한은 없으나, 법률로써 특별히 그 형식을 규정하고 있는 의안은 중요동의로 제출할 수 없는 것이 원칙이다.",sources/likms.csv
중진의원,,Senior Member / Ranking Assemblyman,,,sources/nas.csv
증인,,Witness,,,sources/nas.csv
지구당위원장,,Chairman of the District Party Chapter,,,sources/nas.csv
지방법원,,District Court(s),,,sources/nas.csv
지방선거,,Local Election,,,sources/nas.csv
지방의원선거,,Election of Regional Councillors,,,sources/nas.csv
지방의회의원연수,,Training for Representatives of Local Legislatures,,,sources/nas.csv
지방자치단체장선거,,Municipal and Gubernatorial Elections / Election of the Heads of Local Governments / Election of Governors and Mayors,,,sources/nas.csv
지속가능개발위원회,,Committee for Sustainable Development,,,sources/nas.csv
지속가능발전위원회,,Presidential Commission on Sustainable Development,,,sources/nas.csv
지역구,,Local District / Electoral District,,,sources/nas.csv
지원,,Branch Court(s),,,sources/nas.csv
지정학적그룹,,Geopolitical Groups,,,sources/nas.csv
직능대표제,,Functional (Vocational) Representation System,,,sources/nas.csv
직원,,Staff Assistant,,,sources/nas.csv
직접선거,,Direct Vote (간접선거 Indirect Vote),,,sources/nas.csv
진정,,Appeal,,,sources/nas.csv
집행위원회,,APPF Executive Committee,,,sources/nas.csv
집회,,Convocation,,,sources/nas.csv
징계,,Disciplinary Action / Discipline,,,sources/nas.csv
차관,,Vice Minister,,,sources/nas.csv
차관보,,Assistant Minister,,,sources/nas.csv
차장(청의차장),,Deputy Administrator,,,sources/nas.csv
착륙,,Landing / Touch Down,,,sources/nas.csv
찬반토론,,Debate,,,sources/nas.csv
참고봉사국,,Reference & Reader Services Bureau,,,sources/nas.csv
참고인,,Reference,,,sources/nas.csv
참관인,,Voting Witness / Watcher,,,sources/nas.csv
참사관,,Counsellor,,,sources/nas.csv
철도청,,National Railroad,,,sources/nas.csv
철회,,Withdrawal,,,sources/nas.csv
청가,,Request for Leave,,,sources/nas.csv
청문회,,Hearing,,,sources/nas.csv
청소년보호위원회,,Commission on Youth Protection,,,sources/nas.csv
청원,,Petition,,,sources/nas.csv
청원소개의원,,Sponsor of Petition,,,sources/nas.csv
청장,,Administrator,,,sources/nas.csv
체계자구심사,,Examination of Legality and Wording,,,sources/nas.csv
체코 의회 관련 용어,,체코(Czech Republic)의회 : Parliament,,,sources/nas.csv
초선의원의정연찬회,,Orientation for First-Term Members,,,sources/nas.csv
총리령,,Ordinances of the Prime Minister,,,sources/nas.csv
총무과,,General Services Division,,,sources/nas.csv
총무팀,,General Services Team,,,sources/nas.csv
총선거(국회의원),,General Election,,,sources/nas.csv
총영사,,Consul-General,,,sources/nas.csv
총영사관,,Consulate-General,,,sources/nas.csv
총재당의장,,Chairperson (Chairman / Chairwoman),,,sources/nas.csv
총회,,Inter-Parliamentary Assembly / IPU Assembly,,,sources/nas.csv
총회의장,,President of the APPU,,,sources/nas.csv
최연장의원,,The Eldest Member,,,sources/nas.csv
축조심사,,Article-by-Article Deliberation,,,sources/nas.csv
축조심사회의(美),,Business Meeting,,,sources/nas.csv
출국수속,,Departure Procedure,,,sources/nas.csv
출국신고서,,"Departure Card Embarkation, D",,,sources/nas.csv
출발예정시간,,ETD (Estimated Time of Departure),,,sources/nas.csv
출석의원,,Assemblymen Present,,,sources/nas.csv
출입국신고서,,E/D Card(E,,,sources/nas.csv
취임,,inauguration,,,sources/popong.csv
칠레 의회 관련 용어,,칠레(Republic of Chile)의회 : National Congress,,,sources/nas.csv
카자흐스탄 의회 관련 용어,,카자흐스탄(Republic of Kazakstan)의회 : Parliament,,,sources/nas.csv
캐나다 의회 관련 용어,,캐나다(Canada)의회 : Parliament,,,sources/nas.csv
케냐(Republic of Kenya)의회,,National Assembly,,,sources/nas.csv
코스타리카(Republic of Costa Rica)의회,,Legislative Assembly,,,sources/nas.csv
코트디브와르(Republic of Cote d'Ivoire)의회,,National Assembly,,,sources/nas.csv
콜롬비아 의회 관련 용어,,콜롬비아(Republic of Colombia)의회 : Congress,,,sources/nas.csv
쿠웨이트(State of Kuwait)의회,,National Assembly,,,sources/nas.csv
탄핵소추,,Impeachment,,,sources/nas.csv
탑승구,,Gate (17번 탑승구? Gate 17),,,sources/nas.csv
탑승권,,Boarding Pass (탑승? Reconfirmation),,,sources/nas.csv
탑승대기실,,Boarding Room / Waiting Room,,,sources/nas.csv
탑승동,,"Concourse Boarding, 여권",,,sources/nas.csv
태국 의회 관련 용어,,태국(Kingdom of Thailand)의회 : National Assembly,,,sources/nas.csv
터키(Republic of Turkey)의회,,Grand National Assembly,,,sources/nas.csv
통계청,,National Statistical Office,,,sources/nas.csv
통과비자,,Transit Visa,,,sources/nas.csv
통과여객,,Transit Passenger,,,sources/nas.csv
통과여객대합실,,Transit Passenger Lounge,,,sources/nas.csv
통일국민당(UPP),,United People's Party,,,sources/nas.csv
통일민주당(PRD),,Party for the Reunification and Democracy,,,sources/nas.csv
통일부,,Ministry of Unification,,,sources/nas.csv
통일연구원(KINU),,Korea Institute for National Unification,,,sources/nas.csv
통일외교통상위원회,,"Unification, Foreign Affairs and Trade Committee",,,sources/nas.csv
퇴직,,Retirement,,,sources/nas.csv
투표,,Voting / Ballot,,,sources/nas.csv
투표소,,Polling Station (Booth),,,sources/nas.csv
투표율,,Voter Turnout,,,sources/nas.csv
투표함,,Ballot Box,,,sources/nas.csv
튀니지(Tunisia / Tunisian Republic)의회,,Chamber of Deputies,,,sources/nas.csv
특명전권공사,,Minister E.&P.?(Extraordinary and Plenipotentiary),,,sources/nas.csv
특명전권대사,,Ambassador E.&P. (Extraordinary and Plenipotentiary),,,sources/nas.csv
특별시,,Special Metropolitan City,,,sources/nas.csv
특별위원회,,special committee,,,sources/popong.csv
특수경력직공무원,,Public Officials in Non-Career Service,,,sources/nas.csv
특정직,,Special Service,,,sources/nas.csv
특허법원,,Patent Court,,,sources/nas.csv
특허청,,Intellectual Property Office,,,sources/nas.csv
파나마(Republic of Panama)의회,,Legislative Assembly,,,sources/nas.csv
파라과이 의회 관련 용어,,파라과이(Republic of Paraguay)의회 : Congress,,,sources/nas.csv
파키스탄 의회 관련 용어,,파키스탄(Islamic Republic of Pakistan)의회 : Parliament,,,sources/nas.csv
페루(Republic of Peru)의회,,Congress of the Republic of Peru,,,sources/nas.csv
편명,,Flight,,,sources/nas.csv
평등선거,,Equal Vote,,,sources/nas.csv
평화민주당(PPD),,Party for Peace and Democracy,,,sources/nas.csv
평화유지군,,Peace Keeping Mission (PKM),,,sources/nas.csv
평화유지활동,,Peace Keeping Operations (PKO),,,sources/nas.csv
폐기,,,,제출된 안건을 심의·의결대상에서 제외시키는 행정적 조치로서 국회에서 의안이 폐기되는 경우는 다음의 4가지가 있다.,sources/likms.csv
폐지,,Abolition,,,sources/nas.csv
폐회식,,Closing Ceremony,,,sources/nas.csv
포르투갈(Portugal / Portuguese Republic)의회,,Assembly of the Republic,,,sources/nas.csv
폴란드 의회 관련 용어,,폴란드(Republic of Poland)의회 : National Assembly,,,sources/nas.csv
표,,Votes,,,sources/nas.csv
표결,,Voting,,,sources/nas.csv
표결사,,Tally Clerk,,,sources/nas.csv
프랑스 의회 관련 용어,,프랑스(France / French Republic)의회 : Parliament,,,sources/nas.csv
프랑스 정당명,,국민운동연합(UMP) : Union for a Popular Movement,,,sources/nas.csv
핀란드(Republic of Finland)의회,,Parliament,,,sources/nas.csv
필리핀 의회 관련 용어,,필리핀(Republic of the Philippines)의회 : Congress,,,sources/nas.csv
학위논문,,Thesis / Dissertation,,,sources/nas.csv
한?구주의원외교협의회,,The Korea-EU Inter-Parliamentary Council,,,sources/nas.csv
한?러의원외교협의회,,The Korea-Russia Inter-Parliamentary Council,,,sources/nas.csv
한?미의원외교협의회,,The Korea-US Inter-Parliamentary Council,,,sources/nas.csv
한?중의원외교협의회,,The Korea-China Inter-Parliamentary Council,,,sources/nas.csv
한국가스공사(KOGAS),,Korea Gas Corporation,,,sources/nas.csv
한국가스안전공사(KGS),,Korea Gas Safety Corporation,,,sources/nas.csv
한국감정원(KAB),,Korea Appraisal Board,,,sources/nas.csv
한국개발연구원(KDI),,Korea Development Institute,,,sources/nas.csv
한국갱생보호공단,,Korea Rehabititation Agency,,,sources/nas.csv
한국경영자총협회(KEF),,Korea Employers Federation,,,sources/nas.csv
한국공항공사(KAC),,Korea Airports Corporation,,,sources/nas.csv
한국과학기술기획평가원,,Korea Institute & Science & Technology and Planning,,,sources/nas.csv
한국과학기술원(KAIST),,Korea Advanced Institute of Science &?Technology,,,sources/nas.csv
한국과학재단(KOSEF),,Korea Science and Engineering Foundation,,,sources/nas.csv
한국관광공사(KNTO),,Korea National Tourism Organization,,,sources/nas.csv
한국교원단체총연합회(KFTA),,Korea Federation of Teachers' Associations,,,sources/nas.csv
한국교육개발원(KEDI),,Korean Educational Development Institute,,,sources/nas.csv
한국교육방송공사(EBS),,Korea Educational Broadcasting System,,,sources/nas.csv
한국국민당(KNP),,Korea National Party,,,sources/nas.csv
한국국제교류재단,,Korea Foundation,,,sources/nas.csv
한국국제협력단,,Korea International Cooperation Agency,,,sources/nas.csv
한국기계연구원(KIMM),,Korea Institute of Machinery & Materials,,,sources/nas.csv
한국노동연구원(KLI),,Korea Labor Institute,,,sources/nas.csv
한국노동조합총연맹(FKTU),,Federation of Korean Trade Unions,,,sources/nas.csv
한국도로공사(KHC),,Korea Highway Corporation,,,sources/nas.csv
한국마사회(KRA),,Korea Racing Association,,,sources/nas.csv
한국무역협회(KITA),,Korea International Trade Association,,,sources/nas.csv
한국방송(KBS),,Korean Broadcasting System,,,sources/nas.csv
한국방송광고공사(KOBACO),,Korea Broadcasting Advertising Corporation,,,sources/nas.csv
한국법제연구원(KLRI),,Korea Legislation Research Institute,,,sources/nas.csv
한국보건사회연구원(KIHASA),,Korea Institute for Health and Social Affairs,,,sources/nas.csv
한국산업안전공단(KOSHA),,Korea Occupational Safety &Health Agency,,,sources/nas.csv
한국산업은행(KDB),,Korea Development Bank,,,sources/nas.csv
한국생명공학연구원(KRIBB),,Korea Research Institute of Bioscience & Biotechnology,,,sources/nas.csv
한국석유공사(KNOC),,Korea National Oil Corporation,,,sources/nas.csv
한국소비자보호원,,Korea Consumer Protection Board,,,sources/nas.csv
한국수자원공사(KOWACO),,Korea Water Resources Corporation,,,sources/nas.csv
한국수출보험공사(KEIC),,Korea Export Insurance Corporation,,,sources/nas.csv
한국수출입은행(EXIM),,The Export Import Bank of Korea,,,sources/nas.csv
한국신당,,New Korean Party of the Hope,,,sources/nas.csv
한국아동?인구?환경의원연맹,,"The Korean Parliamentary League on Children, Population and Environment",,,sources/nas.csv
한국아동인구환경의원연맹,,"Korean Parliamentary League on Children, Population and Environment",,,sources/nas.csv
한국에너지기술연구원(KIER),,Korea Institute of Energy Research,,,sources/nas.csv
한국원자력안전기술원(KINS),,Korea Institute of Nuclear Safety,,,sources/nas.csv
한국원자력연구소(KAERI),,Korea Atomic Energy Research Institute,,,sources/nas.csv
한국은행(BOK),,Bank of Korea,,,sources/nas.csv
한국의원단,,"The Korean National Group, APPU",,,sources/nas.csv
한국의회발전연구회,,Korean Legislative Studies Institute,,,sources/nas.csv
한국자산관리공사(KAMCO),,Korea Asset Management Corporation,,,sources/nas.csv
한국자원재생공사(KORECO),,Korea Resources Recovery & Reutilization Corporation,,,sources/nas.csv
한국자유총연맹(KFL),,Korea Freedom League,,,sources/nas.csv
한국장애인고용촉진공단(KEPAD),,Korean Employment Promotion Agency for the Disabled,,,sources/nas.csv
한국전기연구원(KERI),,Korea Electrotechnology Research Institute,,,sources/nas.csv
한국전력공사(KEPCO),,Korea Electric Power Corporation,,,sources/nas.csv
한국전산원(NCA),,National Computerization Agency,,,sources/nas.csv
한국정보통신교육원(AIIT),,Advanced Institute of Information Technology,,,sources/nas.csv
한국정신문화연구원(AKS),,Academy of Korean Studies,,,sources/nas.csv
한국정치발전연구회,,Korean Research Institute for Political Development,,,sources/nas.csv
한국정치학회,,Korean Political Science Association,,,sources/nas.csv
한국조세연구원(KIPF),,Korea Institute of Public Finance,,,sources/nas.csv
한국조폐공사(KOMSCO),,Korea Minting & Security Printing Corporation,,,sources/nas.csv
한국증권거래소(KSE),,Korea Stock Exchange,,,sources/nas.csv
한국지질자원연구원(KIGAM),,Korea Institute of Geoscience & Mineral Resources,,,sources/nas.csv
한국토지공사(KLC),,Korea Land Corporation,,,sources/nas.csv
한국표준과학연구원(KRISS),,Korea Research Institute of Standards and Science,,,sources/nas.csv
한국학술진흥재단(KRF),,Korea Research Foundation,,,sources/nas.csv
한국항공우주연구소(KARI),,Korea Aerospace Research Institute,,,sources/nas.csv
한국행정연구원(KIPA),,Korea Institute of Public Administration,,,sources/nas.csv
한국형사정책연구원(KIC),,Korean Institute of Criminology,,,sources/nas.csv
한국화학연구원(KRICT),,Korea Research Institute of Chemical Technology,,,sources/nas.csv
한나라당(GNP),,Grand National Party,,,sources/nas.csv
한세정책연구원,,Ko-World Policy Institute,,,sources/nas.csv
한일의원연맹,,The Korea-Japan Parliamentarians' Union,,,sources/nas.csv
한캐나다의원친선협회,,The Korea-Canada Parliamentarians' Friendship Association,,,sources/nas.csv
합동연설,,Joint Election Speech,,,sources/nas.csv
합의각서(MOA),,Memorandum of Agreement,,,sources/nas.csv
항,,Paragraph,,,sources/nas.csv
항공정보,,NOTAM (Notice to Airman),,,sources/nas.csv
항법사,,Navigator,,,sources/nas.csv
해양경찰청,,National Maritime Police Agency,,,sources/nas.csv
해양수산부,,Ministry of Maritime Affairs & Fisheries,,,sources/nas.csv
해외주재관(입법관),,Legislative Attach,,,sources/nas.csv
해임건의,,Recommendation for Removal,,,sources/nas.csv
행사의전팀,,Protocol Team,,,sources/nas.csv
행정관,,Assistant Secretary,,,sources/nas.csv
행정법무담당관,,Administrative & Legal Affairs Officer,,,sources/nas.csv
행정법원,,Administrative Court,,,sources/nas.csv
행정법제과,,Administrative Legislation Division,,,sources/nas.csv
행정부,,Administrative Branch / The Administration,,,sources/nas.csv
행정안전부,,Ministry of Public Administration and Security,http://www.mopas.go.kr/gpms/ns/mogaha/user/nolayout/main/english/userEngMainDisplay.action,http://www.mopas.go.kr/,sources/popong.csv
행정예산분석팀,,Administrative Budget Analysis Team,,,sources/nas.csv
행정자치부,,Ministry of Government Administration and Home Affairs,,,sources/nas.csv
행정자치위원회,,Government Administration and Local Autonomy Committee,,,sources/nas.csv
헌법,,Constitution / Constitutional Law,,,sources/nas.csv
헌법개정안,,,,"'헌법개정안'이란 헌법에 규정된 개정절차에 따라 기존 헌법과 동일성을 유지하면서 헌법의 조문이나 문구를 수정 또는 삭제하거나 새로운 조항을 추가하기 위하여 국회 재적의원 과반수가 발의하거나 대통령이 국무회의의 심의를 거쳐 제안한 것을 말한다(헌128①).
헌법개정안은 본회의에 직접 부의하며 수정의결을 할 수 없고, 원안에 대하여 가·부만을 결정한다. 왜냐하면 수정의결은 공고되지 아니한 개헌안을 의결하는 것이 되어 헌법개정안의 공고제도에 위배되기 때문이다. 헌법개정안에 대한 국회의 의결은 기명투표로써 하되(국112④), 공고된 날부터 60일 이내에 의결하여야 하며, 재적의원 3분의 2 이상의 찬성을 얻어야 한다(헌130①).",sources/likms.csv
헌법연구관,,Constitutional Research Officers,,,sources/nas.csv
헌법재판소,,The Constitutional Court of Korea,,,sources/nas.csv
헌법재판소도서관,,Constitutional Court Library,,,sources/nas.csv
헌장,,Charter / Constitution,,,sources/nas.csv
헌장개정위원회,,Committee on Charter Amendments,,,sources/nas.csv
헌정기념관,,National Assembly Memorial Hall,,,sources/nas.csv
헝가리(Republic of Hungary)의회,,National Assembly,,,sources/nas.csv
혁신관리비서관,,Secretary to the President for Innovation Management,,,sources/nas.csv
현역후보,,Incumbent Candidate,,,sources/nas.csv
협약,,Convention,,,sources/nas.csv
협정,,Agreement / Accord,,,sources/nas.csv
형사부,,Criminal Panels,,,sources/nas.csv
호,,Subparagraph,,,sources/nas.csv
호별방문,,Door-to-door Canvassing / House-to-house Canvassing,,,sources/nas.csv
호주 의회 관련 용어,,호주(Commonwealth of Australia) : Federal Parliament,,,sources/nas.csv
홀트아동복지회(HCS),,Holt Children's Services,,,sources/nas.csv
홍보담당관,,Public Relations Officer,,,sources/nas.csv
홍보수석,,Senior Press Secretary to the President,,,sources/nas.csv
환경관리공단(EMC),,Environmental Management Corporation,,,sources/nas.csv
환경노동위원회,,Environment and Labor Committee,,http://environment.na.go.kr,sources/committee.csv
환경부,,Ministry of Environment,,,sources/nas.csv
환승여객,,Transfer Passenger,,,sources/nas.csv
환전소,,Money Exchange Counters,,,sources/nas.csv
회계과,,Accounting Division,,,sources/nas.csv
회기,,Session,,,sources/nas.csv
회부,,Reference (재회부 Re-referring),,,sources/nas.csv
회원,,Member,,,sources/nas.csv
회의록,,minute,,,sources/popong.csv
회장,,President,,,sources/nas.csv
후보자,,candidate,,,sources/popong.csv
후원회,,Political Supporters' Group / Financial Support Association (후원회 행사) Fund Raiser (Event),,,sources/nas.csv
휴회,,Recess,,,sources/nas.csv
